herb,molecule,target
Abies alba,(+)-Bornyl acetate,ACHE
Abies alba,(+)-Bornyl acetate,CPB2
Abies alba,(+)-Bornyl acetate,Solute carrier organic anion transporter family member 1B1
Abies alba,(+)-Bornyl acetate,Solute carrier organic anion transporter family member 1B3
Abies alba,(+)-Bornyl acetate,TAS2R31
Abies alba,(+)-Bornyl acetate,TRPM2
Abies alba,Borneol acetate,ACHE
Abies alba,Borneol acetate,CPB2
Abies alba,Borneol acetate,Solute carrier organic anion transporter family member 1B1
Abies alba,Borneol acetate,Solute carrier organic anion transporter family member 1B3
Abies alba,Borneol acetate,TAS2R31
Abies alba,Borneol acetate,TRPM2
Abies alba,Bornyl acetate,ACHE
Abies alba,Bornyl acetate,CPB2
Abies alba,Bornyl acetate,Solute carrier organic anion transporter family member 1B1
Abies alba,Bornyl acetate,Solute carrier organic anion transporter family member 1B3
Abies alba,Bornyl acetate,TAS2R31
Abies alba,Bornyl acetate,TRPM2
Abies alba,L-BORNYL-ACETATE,ACHE
Abies alba,L-BORNYL-ACETATE,CPB2
Abies alba,L-BORNYL-ACETATE,Solute carrier organic anion transporter family member 1B1
Abies alba,L-BORNYL-ACETATE,Solute carrier organic anion transporter family member 1B3
Abies alba,L-BORNYL-ACETATE,TAS2R31
Abies alba,L-BORNYL-ACETATE,TRPM2
Abrus precatorius,4-Hydroxycinnamic acid,ABAT
Abrus precatorius,4-Hydroxycinnamic acid,ABCG2
Abrus precatorius,4-Hydroxycinnamic acid,AKR1B1
Abrus precatorius,4-Hydroxycinnamic acid,AKR1B10
Abrus precatorius,4-Hydroxycinnamic acid,AKR1C3
Abrus precatorius,4-Hydroxycinnamic acid,AKR1C4
Abrus precatorius,4-Hydroxycinnamic acid,ALDH5A1
Abrus precatorius,4-Hydroxycinnamic acid,ALOX5
Abrus precatorius,4-Hydroxycinnamic acid,APP
Abrus precatorius,4-Hydroxycinnamic acid,Aldose reductase
Abrus precatorius,4-Hydroxycinnamic acid,BACE1
Abrus precatorius,4-Hydroxycinnamic acid,CA1
Abrus precatorius,4-Hydroxycinnamic acid,CA12
Abrus precatorius,4-Hydroxycinnamic acid,CA13
Abrus precatorius,4-Hydroxycinnamic acid,CA14
Abrus precatorius,4-Hydroxycinnamic acid,CA2
Abrus precatorius,4-Hydroxycinnamic acid,CA3
Abrus precatorius,4-Hydroxycinnamic acid,CA4
Abrus precatorius,4-Hydroxycinnamic acid,CA5A
Abrus precatorius,4-Hydroxycinnamic acid,CA5B
Abrus precatorius,4-Hydroxycinnamic acid,CA6
Abrus precatorius,4-Hydroxycinnamic acid,CA7
Abrus precatorius,4-Hydroxycinnamic acid,CA9
Abrus precatorius,4-Hydroxycinnamic acid,CISD1
Abrus precatorius,4-Hydroxycinnamic acid,CTBP2
Abrus precatorius,4-Hydroxycinnamic acid,CXCL12
Abrus precatorius,4-Hydroxycinnamic acid,CYP1B1
Abrus precatorius,4-Hydroxycinnamic acid,CYP26B1
Abrus precatorius,4-Hydroxycinnamic acid,Carbonic anhydrase I
Abrus precatorius,4-Hydroxycinnamic acid,Carbonic anhydrase II
Abrus precatorius,4-Hydroxycinnamic acid,Carbonic anhydrase III
Abrus precatorius,4-Hydroxycinnamic acid,Carbonic anhydrase IV
Abrus precatorius,4-Hydroxycinnamic acid,Carbonic anhydrase IX
Abrus precatorius,4-Hydroxycinnamic acid,Carbonic anhydrase VA
Abrus precatorius,4-Hydroxycinnamic acid,Carbonic anhydrase VB
Abrus precatorius,4-Hydroxycinnamic acid,Carbonic anhydrase VI
Abrus precatorius,4-Hydroxycinnamic acid,Carbonic anhydrase VII
Abrus precatorius,4-Hydroxycinnamic acid,Carbonic anhydrase XII
Abrus precatorius,4-Hydroxycinnamic acid,Carbonic anhydrase XIV
Abrus precatorius,4-Hydroxycinnamic acid,EP300
Abrus precatorius,4-Hydroxycinnamic acid,ESR1
Abrus precatorius,4-Hydroxycinnamic acid,ESR2
Abrus precatorius,4-Hydroxycinnamic acid,ESRRG
Abrus precatorius,4-Hydroxycinnamic acid,Estrogen receptor alpha
Abrus precatorius,4-Hydroxycinnamic acid,F3
Abrus precatorius,4-Hydroxycinnamic acid,FOS
Abrus precatorius,4-Hydroxycinnamic acid,G6PC
Abrus precatorius,4-Hydroxycinnamic acid,GLO1
Abrus precatorius,4-Hydroxycinnamic acid,GNB1
Abrus precatorius,4-Hydroxycinnamic acid,GNG2
Abrus precatorius,4-Hydroxycinnamic acid,GPR183
Abrus precatorius,4-Hydroxycinnamic acid,HCAR2
Abrus precatorius,4-Hydroxycinnamic acid,HDAC1
Abrus precatorius,4-Hydroxycinnamic acid,HDAC10
Abrus precatorius,4-Hydroxycinnamic acid,HDAC11
Abrus precatorius,4-Hydroxycinnamic acid,HDAC2
Abrus precatorius,4-Hydroxycinnamic acid,HDAC4
Abrus precatorius,4-Hydroxycinnamic acid,HDAC5
Abrus precatorius,4-Hydroxycinnamic acid,HDAC7
Abrus precatorius,4-Hydroxycinnamic acid,HDAC8
Abrus precatorius,4-Hydroxycinnamic acid,HDAC9
Abrus precatorius,4-Hydroxycinnamic acid,HSPA1A
Abrus precatorius,4-Hydroxycinnamic acid,HSPD1
Abrus precatorius,4-Hydroxycinnamic acid,HSPE1
Abrus precatorius,4-Hydroxycinnamic acid,JUN
Abrus precatorius,4-Hydroxycinnamic acid,LPAR2
Abrus precatorius,4-Hydroxycinnamic acid,MAOA
Abrus precatorius,4-Hydroxycinnamic acid,MAOB
Abrus precatorius,4-Hydroxycinnamic acid,MAPT
Abrus precatorius,4-Hydroxycinnamic acid,MB
Abrus precatorius,4-Hydroxycinnamic acid,MIF
Abrus precatorius,4-Hydroxycinnamic acid,MMP1
Abrus precatorius,4-Hydroxycinnamic acid,MMP2
Abrus precatorius,4-Hydroxycinnamic acid,MMP9
Abrus precatorius,4-Hydroxycinnamic acid,MYOC
Abrus precatorius,4-Hydroxycinnamic acid,NFE2L2
Abrus precatorius,4-Hydroxycinnamic acid,NFKB1
Abrus precatorius,4-Hydroxycinnamic acid,NQO2
Abrus precatorius,4-Hydroxycinnamic acid,NR0B2
Abrus precatorius,4-Hydroxycinnamic acid,ODC1
Abrus precatorius,4-Hydroxycinnamic acid,PAM
Abrus precatorius,4-Hydroxycinnamic acid,PTGER2
Abrus precatorius,4-Hydroxycinnamic acid,PTGER3
Abrus precatorius,4-Hydroxycinnamic acid,PTGER4
Abrus precatorius,4-Hydroxycinnamic acid,PTPN11
Abrus precatorius,4-Hydroxycinnamic acid,RARB
Abrus precatorius,4-Hydroxycinnamic acid,RBBP9
Abrus precatorius,4-Hydroxycinnamic acid,RHOA
Abrus precatorius,4-Hydroxycinnamic acid,Raji
Abrus precatorius,4-Hydroxycinnamic acid,STAT1
Abrus precatorius,4-Hydroxycinnamic acid,Solute carrier organic anion transporter family member 1B1
Abrus precatorius,4-Hydroxycinnamic acid,Solute carrier organic anion transporter family member 1B3
Abrus precatorius,4-Hydroxycinnamic acid,TLR9
Abrus precatorius,4-Hydroxycinnamic acid,TNFRSF1A
Abrus precatorius,4-Hydroxycinnamic acid,TRPM2
Abrus precatorius,4-Hydroxycinnamic acid,TTR
Abrus precatorius,4-Hydroxycinnamic acid,Tyrosinase
Abrus precatorius,4-Hydroxycinnamic acid,Xanthine dehydrogenase
Abrus precatorius,ABRUQUINONE-A,ACHE
Abrus precatorius,ABRUQUINONE-A,ADRA2C
Abrus precatorius,ABRUQUINONE-A,ALOX15B
Abrus precatorius,ABRUQUINONE-A,BRD4
Abrus precatorius,ABRUQUINONE-A,BRD9
Abrus precatorius,ABRUQUINONE-A,CA12
Abrus precatorius,ABRUQUINONE-A,CA2
Abrus precatorius,ABRUQUINONE-A,CA6
Abrus precatorius,ABRUQUINONE-A,CA7
Abrus precatorius,ABRUQUINONE-A,CDK2
Abrus precatorius,ABRUQUINONE-A,CDK4
Abrus precatorius,ABRUQUINONE-A,GSK3B
Abrus precatorius,ABRUQUINONE-A,ICAM1
Abrus precatorius,ABRUQUINONE-A,LRRK2
Abrus precatorius,ABRUQUINONE-A,ODC1
Abrus precatorius,ABRUQUINONE-A,PDGFRB
Abrus precatorius,ABRUQUINONE-A,SELE
Abrus precatorius,ABRUQUINONE-A,SYK
Abrus precatorius,ABRUQUINONE-A,VCAM1
Abrus precatorius,ABRUQUINONE-B,BRD4
Abrus precatorius,ABRUQUINONE-B,BRD9
Abrus precatorius,ABRUQUINONE-B,CHEK1
Abrus precatorius,ABRUQUINONE-B,EGFR
Abrus precatorius,ABRUQUINONE-B,HCRTR2
Abrus precatorius,ABRUQUINONE-B,ICAM1
Abrus precatorius,ABRUQUINONE-B,JAK3
Abrus precatorius,ABRUQUINONE-B,KDM5B
Abrus precatorius,ABRUQUINONE-B,LRRK2
Abrus precatorius,ABRUQUINONE-B,MMP13
Abrus precatorius,ABRUQUINONE-B,MMP2
Abrus precatorius,ABRUQUINONE-B,NTRK1
Abrus precatorius,ABRUQUINONE-B,ODC1
Abrus precatorius,ABRUQUINONE-B,PDE5A
Abrus precatorius,ABRUQUINONE-B,SELE
Abrus precatorius,ABRUQUINONE-B,SYK
Abrus precatorius,Abrectorin,ABCB1
Abrus precatorius,Abrectorin,ABCC1
Abrus precatorius,Abrectorin,ABCG2
Abrus precatorius,Abrectorin,ACHE
Abrus precatorius,Abrectorin,ADORA1
Abrus precatorius,Abrectorin,ADORA2A
Abrus precatorius,Abrectorin,AKR1B1
Abrus precatorius,Abrectorin,AKR1B10
Abrus precatorius,Abrectorin,ALOX12
Abrus precatorius,Abrectorin,ALOX15
Abrus precatorius,Abrectorin,ALOX5
Abrus precatorius,Abrectorin,AMY1A
Abrus precatorius,Abrectorin,ANTXR2
Abrus precatorius,Abrectorin,APP
Abrus precatorius,Abrectorin,AR
Abrus precatorius,Abrectorin,CA12
Abrus precatorius,Abrectorin,CA13
Abrus precatorius,Abrectorin,CA2
Abrus precatorius,Abrectorin,CA3
Abrus precatorius,Abrectorin,CA4
Abrus precatorius,Abrectorin,CA6
Abrus precatorius,Abrectorin,CA7
Abrus precatorius,Abrectorin,CA9
Abrus precatorius,Abrectorin,CALM1
Abrus precatorius,Abrectorin,CBR1
Abrus precatorius,Abrectorin,CBS
Abrus precatorius,Abrectorin,CELA1
Abrus precatorius,Abrectorin,CREB1
Abrus precatorius,Abrectorin,CXCL12
Abrus precatorius,Abrectorin,CYP19A1
Abrus precatorius,Abrectorin,CYP1A1
Abrus precatorius,Abrectorin,CYP1B1
Abrus precatorius,Abrectorin,DHCR7
Abrus precatorius,Abrectorin,ELAVL3
Abrus precatorius,Abrectorin,ERAP1
Abrus precatorius,Abrectorin,ERN1
Abrus precatorius,Abrectorin,ESR2
Abrus precatorius,Abrectorin,GLO1
Abrus precatorius,Abrectorin,GRK6
Abrus precatorius,Abrectorin,HL-60
Abrus precatorius,Abrectorin,IL2
Abrus precatorius,Abrectorin,IMPDH1
Abrus precatorius,Abrectorin,IMPDH2
Abrus precatorius,Abrectorin,K562
Abrus precatorius,Abrectorin,KCND3
Abrus precatorius,Abrectorin,KIT
Abrus precatorius,Abrectorin,MAOB
Abrus precatorius,Abrectorin,NFKB1
Abrus precatorius,Abrectorin,NOX4
Abrus precatorius,Abrectorin,NQO1
Abrus precatorius,Abrectorin,ODC1
Abrus precatorius,Abrectorin,OPRD1
Abrus precatorius,Abrectorin,PGF
Abrus precatorius,Abrectorin,PIM1
Abrus precatorius,Abrectorin,PON1
Abrus precatorius,Abrectorin,PRKDC
Abrus precatorius,Abrectorin,PTPRS
Abrus precatorius,Abrectorin,QDPR
Abrus precatorius,Abrectorin,RCE1
Abrus precatorius,Abrectorin,SIGMAR1
Abrus precatorius,Abrectorin,SK-N-SH
Abrus precatorius,Abrectorin,ST6GAL1
Abrus precatorius,Abrectorin,TERT
Abrus precatorius,Abrectorin,TNKS
Abrus precatorius,Abrectorin,TNKS2
Abrus precatorius,Abrectorin,TTR
Abrus precatorius,Abrectorin,TUBB1
Abrus precatorius,Abrectorin,VEGFA
Abrus precatorius,Abrectorin,XDH
Abrus precatorius,Abrine,ACE
Abrus precatorius,Abrine,ACE2
Abrus precatorius,Abrine,ACHE
Abrus precatorius,Abrine,ADAM12
Abrus precatorius,Abrine,ADAM17
Abrus precatorius,Abrine,ADAM9
Abrus precatorius,Abrine,ADAMTS4
Abrus precatorius,Abrine,ADCY5
Abrus precatorius,Abrine,ADRB3
Abrus precatorius,Abrine,AHR
Abrus precatorius,Abrine,AKT1
Abrus precatorius,Abrine,AKT2
Abrus precatorius,Abrine,AKT3
Abrus precatorius,Abrine,ANPEP
Abrus precatorius,Abrine,BCHE
Abrus precatorius,Abrine,BMP1
Abrus precatorius,Abrine,BRS3
Abrus precatorius,Abrine,C3AR1
Abrus precatorius,Abrine,C5AR1
Abrus precatorius,Abrine,CAMK2D
Abrus precatorius,Abrine,CAMKK2
Abrus precatorius,Abrine,CAPN1
Abrus precatorius,Abrine,CAPN2
Abrus precatorius,Abrine,CAPNS1
Abrus precatorius,Abrine,CASP10
Abrus precatorius,Abrine,CASP4
Abrus precatorius,Abrine,CASP5
Abrus precatorius,Abrine,CASP9
Abrus precatorius,Abrine,CBX4
Abrus precatorius,Abrine,CBX7
Abrus precatorius,Abrine,CCKAR
Abrus precatorius,Abrine,CCKBR
Abrus precatorius,Abrine,CDC25B
Abrus precatorius,Abrine,CDC42BPA
Abrus precatorius,Abrine,CFTR
Abrus precatorius,Abrine,CPA1
Abrus precatorius,Abrine,CTBP2
Abrus precatorius,Abrine,CTSB
Abrus precatorius,Abrine,CTSL
Abrus precatorius,Abrine,DRD2
Abrus precatorius,Abrine,DRD3
Abrus precatorius,Abrine,DRD4
Abrus precatorius,Abrine,DYRK3
Abrus precatorius,Abrine,ECE1
Abrus precatorius,Abrine,EDNRA
Abrus precatorius,Abrine,EDNRB
Abrus precatorius,Abrine,EPHA1
Abrus precatorius,Abrine,EPHA3
Abrus precatorius,Abrine,EPHA4
Abrus precatorius,Abrine,EPHA5
Abrus precatorius,Abrine,EPHA6
Abrus precatorius,Abrine,EPHA7
Abrus precatorius,Abrine,EPHA8
Abrus precatorius,Abrine,EPHB1
Abrus precatorius,Abrine,EPHB2
Abrus precatorius,Abrine,EPHB3
Abrus precatorius,Abrine,EPHB6
Abrus precatorius,Abrine,ERAP1
Abrus precatorius,Abrine,ERAP2
Abrus precatorius,Abrine,FOLH1
Abrus precatorius,Abrine,FPR1
Abrus precatorius,Abrine,FPR2
Abrus precatorius,Abrine,GABRA1
Abrus precatorius,Abrine,GABRB1
Abrus precatorius,Abrine,GABRB2
Abrus precatorius,Abrine,GABRG2
Abrus precatorius,Abrine,GHSR
Abrus precatorius,Abrine,GPR84
Abrus precatorius,Abrine,GRPR
Abrus precatorius,Abrine,GSK3A
Abrus precatorius,Abrine,GSK3B
Abrus precatorius,Abrine,HDAC1
Abrus precatorius,Abrine,HDAC10
Abrus precatorius,Abrine,HDAC11
Abrus precatorius,Abrine,HDAC2
Abrus precatorius,Abrine,HDAC3
Abrus precatorius,Abrine,HDAC5
Abrus precatorius,Abrine,HDAC6
Abrus precatorius,Abrine,HDAC7
Abrus precatorius,Abrine,HDAC8
Abrus precatorius,Abrine,HDAC9
Abrus precatorius,Abrine,HGFAC
Abrus precatorius,Abrine,HLA-A
Abrus precatorius,Abrine,HPN
Abrus precatorius,Abrine,HTR1A
Abrus precatorius,Abrine,HTR1B
Abrus precatorius,Abrine,HTR1D
Abrus precatorius,Abrine,HTR1E
Abrus precatorius,Abrine,HTR2A
Abrus precatorius,Abrine,HTR2B
Abrus precatorius,Abrine,HTR2C
Abrus precatorius,Abrine,HTR4
Abrus precatorius,Abrine,IDE
Abrus precatorius,Abrine,IDO1
Abrus precatorius,Abrine,IMPDH1
Abrus precatorius,Abrine,IMPDH2
Abrus precatorius,Abrine,JUN
Abrus precatorius,Abrine,KCNA5
Abrus precatorius,Abrine,KISS1R
Abrus precatorius,Abrine,LAP3
Abrus precatorius,Abrine,LNPEP
Abrus precatorius,Abrine,LTA4H
Abrus precatorius,Abrine,MAGI3
Abrus precatorius,Abrine,MAPK8
Abrus precatorius,Abrine,MAPK9
Abrus precatorius,Abrine,MC1R
Abrus precatorius,Abrine,MC3R
Abrus precatorius,Abrine,MC4R
Abrus precatorius,Abrine,MC5R
Abrus precatorius,Abrine,MDM4
Abrus precatorius,Abrine,MME
Abrus precatorius,Abrine,MMP1
Abrus precatorius,Abrine,MMP11
Abrus precatorius,Abrine,MMP14
Abrus precatorius,Abrine,MMP15
Abrus precatorius,Abrine,MMP17
Abrus precatorius,Abrine,MMP2
Abrus precatorius,Abrine,MMP25
Abrus precatorius,Abrine,MMP26
Abrus precatorius,Abrine,MMP3
Abrus precatorius,Abrine,MMP7
Abrus precatorius,Abrine,MMP8
Abrus precatorius,Abrine,MMP9
Abrus precatorius,Abrine,MPO
Abrus precatorius,Abrine,MTNR1A
Abrus precatorius,Abrine,MTNR1B
Abrus precatorius,Abrine,NAALAD2
Abrus precatorius,Abrine,NCOR1
Abrus precatorius,Abrine,NCOR2
Abrus precatorius,Abrine,NMBR
Abrus precatorius,Abrine,NMUR1
Abrus precatorius,Abrine,NPEPPS
Abrus precatorius,Abrine,NR3C1
Abrus precatorius,Abrine,NR3C2
Abrus precatorius,Abrine,NTSR1
Abrus precatorius,Abrine,OPRD1
Abrus precatorius,Abrine,OPRM1
Abrus precatorius,Abrine,P4HB
Abrus precatorius,Abrine,PIN1
Abrus precatorius,Abrine,PPARA
Abrus precatorius,Abrine,PPARG
Abrus precatorius,Abrine,PPIB
Abrus precatorius,Abrine,PRKAA1
Abrus precatorius,Abrine,PRKAB2
Abrus precatorius,Abrine,PRKCG
Abrus precatorius,Abrine,PRKD2
Abrus precatorius,Abrine,PRKG2
Abrus precatorius,Abrine,PRKX
Abrus precatorius,Abrine,PSMB5
Abrus precatorius,Abrine,PSMB8
Abrus precatorius,Abrine,PSMB9
Abrus precatorius,Abrine,PTPN1
Abrus precatorius,Abrine,PTPN2
Abrus precatorius,Abrine,RAD51
Abrus precatorius,Abrine,REN
Abrus precatorius,Abrine,RPS6KA3
Abrus precatorius,Abrine,RUVBL1
Abrus precatorius,Abrine,SGK2
Abrus precatorius,Abrine,SLC16A10 protein
Abrus precatorius,Abrine,SLC18A2
Abrus precatorius,Abrine,SLC7A5
Abrus precatorius,Abrine,SNCA
Abrus precatorius,Abrine,SPR
Abrus precatorius,Abrine,SSTR1
Abrus precatorius,Abrine,SSTR2
Abrus precatorius,Abrine,SSTR3
Abrus precatorius,Abrine,SSTR4
Abrus precatorius,Abrine,SSTR5
Abrus precatorius,Abrine,ST14
Abrus precatorius,Abrine,ST3GAL1
Abrus precatorius,Abrine,STK3
Abrus precatorius,Abrine,Solute carrier organic anion transporter family member 1B1
Abrus precatorius,Abrine,Solute carrier organic anion transporter family member 1B3
Abrus precatorius,Abrine,TACR1
Abrus precatorius,Abrine,TACR2
Abrus precatorius,Abrine,TAOK3
Abrus precatorius,Abrine,TMPRSS6
Abrus precatorius,Abrine,TYR
Abrus precatorius,Abruquinone A,ACHE
Abrus precatorius,Abruquinone A,ADRA2C
Abrus precatorius,Abruquinone A,ALOX15B
Abrus precatorius,Abruquinone A,BRD4
Abrus precatorius,Abruquinone A,BRD9
Abrus precatorius,Abruquinone A,CA12
Abrus precatorius,Abruquinone A,CA2
Abrus precatorius,Abruquinone A,CA6
Abrus precatorius,Abruquinone A,CA7
Abrus precatorius,Abruquinone A,CDK2
Abrus precatorius,Abruquinone A,CDK4
Abrus precatorius,Abruquinone A,GSK3B
Abrus precatorius,Abruquinone A,ICAM1
Abrus precatorius,Abruquinone A,LRRK2
Abrus precatorius,Abruquinone A,ODC1
Abrus precatorius,Abruquinone A,PDGFRB
Abrus precatorius,Abruquinone A,SELE
Abrus precatorius,Abruquinone A,SYK
Abrus precatorius,Abruquinone A,VCAM1
Abrus precatorius,Abruquinone B,BRD4
Abrus precatorius,Abruquinone B,BRD9
Abrus precatorius,Abruquinone B,CHEK1
Abrus precatorius,Abruquinone B,EGFR
Abrus precatorius,Abruquinone B,HCRTR2
Abrus precatorius,Abruquinone B,ICAM1
Abrus precatorius,Abruquinone B,JAK3
Abrus precatorius,Abruquinone B,KDM5B
Abrus precatorius,Abruquinone B,LRRK2
Abrus precatorius,Abruquinone B,MMP13
Abrus precatorius,Abruquinone B,MMP2
Abrus precatorius,Abruquinone B,NTRK1
Abrus precatorius,Abruquinone B,ODC1
Abrus precatorius,Abruquinone B,PDE5A
Abrus precatorius,Abruquinone B,SELE
Abrus precatorius,Abruquinone B,SYK
Abrus precatorius,HYPAPHORINE,ACE
Abrus precatorius,HYPAPHORINE,ACHE
Abrus precatorius,HYPAPHORINE,ADAM12
Abrus precatorius,HYPAPHORINE,ADCY5
Abrus precatorius,HYPAPHORINE,AHR
Abrus precatorius,HYPAPHORINE,AKT1
Abrus precatorius,HYPAPHORINE,AKT3
Abrus precatorius,HYPAPHORINE,BCHE
Abrus precatorius,HYPAPHORINE,BMP1
Abrus precatorius,HYPAPHORINE,BRS3
Abrus precatorius,HYPAPHORINE,C3AR1
Abrus precatorius,HYPAPHORINE,CBX7
Abrus precatorius,HYPAPHORINE,CCKAR
Abrus precatorius,HYPAPHORINE,CCKBR
Abrus precatorius,HYPAPHORINE,CDC42BPA
Abrus precatorius,HYPAPHORINE,CFTR
Abrus precatorius,HYPAPHORINE,CTSB
Abrus precatorius,HYPAPHORINE,CTSL
Abrus precatorius,HYPAPHORINE,DRD2
Abrus precatorius,HYPAPHORINE,DRD3
Abrus precatorius,HYPAPHORINE,DRD4
Abrus precatorius,HYPAPHORINE,DYRK3
Abrus precatorius,HYPAPHORINE,ECE1
Abrus precatorius,HYPAPHORINE,EDNRA
Abrus precatorius,HYPAPHORINE,EDNRB
Abrus precatorius,HYPAPHORINE,EPHA1
Abrus precatorius,HYPAPHORINE,EPHA3
Abrus precatorius,HYPAPHORINE,EPHA4
Abrus precatorius,HYPAPHORINE,EPHA5
Abrus precatorius,HYPAPHORINE,EPHA6
Abrus precatorius,HYPAPHORINE,EPHA7
Abrus precatorius,HYPAPHORINE,EPHA8
Abrus precatorius,HYPAPHORINE,EPHB1
Abrus precatorius,HYPAPHORINE,EPHB2
Abrus precatorius,HYPAPHORINE,EPHB3
Abrus precatorius,HYPAPHORINE,EPHB6
Abrus precatorius,HYPAPHORINE,ERAP1
Abrus precatorius,HYPAPHORINE,ERAP2
Abrus precatorius,HYPAPHORINE,FPR1
Abrus precatorius,HYPAPHORINE,FPR2
Abrus precatorius,HYPAPHORINE,GABRB1
Abrus precatorius,HYPAPHORINE,GABRB2
Abrus precatorius,HYPAPHORINE,GHSR
Abrus precatorius,HYPAPHORINE,GPR84
Abrus precatorius,HYPAPHORINE,GRPR
Abrus precatorius,HYPAPHORINE,HDAC1
Abrus precatorius,HYPAPHORINE,HDAC10
Abrus precatorius,HYPAPHORINE,HDAC11
Abrus precatorius,HYPAPHORINE,HDAC2
Abrus precatorius,HYPAPHORINE,HDAC3
Abrus precatorius,HYPAPHORINE,HDAC5
Abrus precatorius,HYPAPHORINE,HDAC6
Abrus precatorius,HYPAPHORINE,HDAC7
Abrus precatorius,HYPAPHORINE,HDAC8
Abrus precatorius,HYPAPHORINE,HDAC9
Abrus precatorius,HYPAPHORINE,HGFAC
Abrus precatorius,HYPAPHORINE,HPN
Abrus precatorius,HYPAPHORINE,HTR1A
Abrus precatorius,HYPAPHORINE,HTR1B
Abrus precatorius,HYPAPHORINE,HTR1D
Abrus precatorius,HYPAPHORINE,HTR1E
Abrus precatorius,HYPAPHORINE,HTR2A
Abrus precatorius,HYPAPHORINE,HTR2B
Abrus precatorius,HYPAPHORINE,HTR2C
Abrus precatorius,HYPAPHORINE,IDE
Abrus precatorius,HYPAPHORINE,IMPDH1
Abrus precatorius,HYPAPHORINE,IMPDH2
Abrus precatorius,HYPAPHORINE,KCNA5
Abrus precatorius,HYPAPHORINE,KISS1R
Abrus precatorius,HYPAPHORINE,LNPEP
Abrus precatorius,HYPAPHORINE,MAGI3
Abrus precatorius,HYPAPHORINE,MC1R
Abrus precatorius,HYPAPHORINE,MC3R
Abrus precatorius,HYPAPHORINE,MC4R
Abrus precatorius,HYPAPHORINE,MC5R
Abrus precatorius,HYPAPHORINE,MME
Abrus precatorius,HYPAPHORINE,MMP1
Abrus precatorius,HYPAPHORINE,MMP11
Abrus precatorius,HYPAPHORINE,MMP14
Abrus precatorius,HYPAPHORINE,MMP15
Abrus precatorius,HYPAPHORINE,MMP17
Abrus precatorius,HYPAPHORINE,MMP2
Abrus precatorius,HYPAPHORINE,MMP25
Abrus precatorius,HYPAPHORINE,MMP26
Abrus precatorius,HYPAPHORINE,MMP3
Abrus precatorius,HYPAPHORINE,MMP7
Abrus precatorius,HYPAPHORINE,MMP8
Abrus precatorius,HYPAPHORINE,MMP9
Abrus precatorius,HYPAPHORINE,MPO
Abrus precatorius,HYPAPHORINE,MTNR1A
Abrus precatorius,HYPAPHORINE,NCOR1
Abrus precatorius,HYPAPHORINE,NCOR2
Abrus precatorius,HYPAPHORINE,NMBR
Abrus precatorius,HYPAPHORINE,NR3C1
Abrus precatorius,HYPAPHORINE,NR3C2
Abrus precatorius,HYPAPHORINE,OPRD1
Abrus precatorius,HYPAPHORINE,OPRM1
Abrus precatorius,HYPAPHORINE,P4HB
Abrus precatorius,HYPAPHORINE,PPIB
Abrus precatorius,HYPAPHORINE,PRKAB2
Abrus precatorius,HYPAPHORINE,PRKCG
Abrus precatorius,HYPAPHORINE,PRKD2
Abrus precatorius,HYPAPHORINE,PRKG2
Abrus precatorius,HYPAPHORINE,PSMB8
Abrus precatorius,HYPAPHORINE,PSMB9
Abrus precatorius,HYPAPHORINE,RAD51
Abrus precatorius,HYPAPHORINE,RUVBL1
Abrus precatorius,HYPAPHORINE,SGK2
Abrus precatorius,HYPAPHORINE,SNCA
Abrus precatorius,HYPAPHORINE,SPR
Abrus precatorius,HYPAPHORINE,SSTR1
Abrus precatorius,HYPAPHORINE,SSTR2
Abrus precatorius,HYPAPHORINE,SSTR3
Abrus precatorius,HYPAPHORINE,SSTR4
Abrus precatorius,HYPAPHORINE,SSTR5
Abrus precatorius,HYPAPHORINE,ST14
Abrus precatorius,HYPAPHORINE,ST3GAL1
Abrus precatorius,HYPAPHORINE,STK3
Abrus precatorius,HYPAPHORINE,TACR1
Abrus precatorius,HYPAPHORINE,TACR2
Abrus precatorius,HYPAPHORINE,TAOK3
Abrus precatorius,HYPAPHORINE,TMPRSS6
Abrus precatorius,HYPAPHORINE,TYR
Abrus precatorius,Hypaphorine,ACE
Abrus precatorius,Hypaphorine,ACHE
Abrus precatorius,Hypaphorine,ADAM12
Abrus precatorius,Hypaphorine,ADCY5
Abrus precatorius,Hypaphorine,AHR
Abrus precatorius,Hypaphorine,AKT1
Abrus precatorius,Hypaphorine,AKT3
Abrus precatorius,Hypaphorine,BCHE
Abrus precatorius,Hypaphorine,BMP1
Abrus precatorius,Hypaphorine,BRS3
Abrus precatorius,Hypaphorine,C3AR1
Abrus precatorius,Hypaphorine,CBX7
Abrus precatorius,Hypaphorine,CCKAR
Abrus precatorius,Hypaphorine,CCKBR
Abrus precatorius,Hypaphorine,CDC42BPA
Abrus precatorius,Hypaphorine,CFTR
Abrus precatorius,Hypaphorine,CTSB
Abrus precatorius,Hypaphorine,CTSL
Abrus precatorius,Hypaphorine,DRD2
Abrus precatorius,Hypaphorine,DRD3
Abrus precatorius,Hypaphorine,DRD4
Abrus precatorius,Hypaphorine,DYRK3
Abrus precatorius,Hypaphorine,ECE1
Abrus precatorius,Hypaphorine,EDNRA
Abrus precatorius,Hypaphorine,EDNRB
Abrus precatorius,Hypaphorine,EPHA1
Abrus precatorius,Hypaphorine,EPHA3
Abrus precatorius,Hypaphorine,EPHA4
Abrus precatorius,Hypaphorine,EPHA5
Abrus precatorius,Hypaphorine,EPHA6
Abrus precatorius,Hypaphorine,EPHA7
Abrus precatorius,Hypaphorine,EPHA8
Abrus precatorius,Hypaphorine,EPHB1
Abrus precatorius,Hypaphorine,EPHB2
Abrus precatorius,Hypaphorine,EPHB3
Abrus precatorius,Hypaphorine,EPHB6
Abrus precatorius,Hypaphorine,ERAP1
Abrus precatorius,Hypaphorine,ERAP2
Abrus precatorius,Hypaphorine,FPR1
Abrus precatorius,Hypaphorine,FPR2
Abrus precatorius,Hypaphorine,GABRB1
Abrus precatorius,Hypaphorine,GABRB2
Abrus precatorius,Hypaphorine,GHSR
Abrus precatorius,Hypaphorine,GPR84
Abrus precatorius,Hypaphorine,GRPR
Abrus precatorius,Hypaphorine,HDAC1
Abrus precatorius,Hypaphorine,HDAC10
Abrus precatorius,Hypaphorine,HDAC11
Abrus precatorius,Hypaphorine,HDAC2
Abrus precatorius,Hypaphorine,HDAC3
Abrus precatorius,Hypaphorine,HDAC5
Abrus precatorius,Hypaphorine,HDAC6
Abrus precatorius,Hypaphorine,HDAC7
Abrus precatorius,Hypaphorine,HDAC8
Abrus precatorius,Hypaphorine,HDAC9
Abrus precatorius,Hypaphorine,HGFAC
Abrus precatorius,Hypaphorine,HPN
Abrus precatorius,Hypaphorine,HTR1A
Abrus precatorius,Hypaphorine,HTR1B
Abrus precatorius,Hypaphorine,HTR1D
Abrus precatorius,Hypaphorine,HTR1E
Abrus precatorius,Hypaphorine,HTR2A
Abrus precatorius,Hypaphorine,HTR2B
Abrus precatorius,Hypaphorine,HTR2C
Abrus precatorius,Hypaphorine,IDE
Abrus precatorius,Hypaphorine,IMPDH1
Abrus precatorius,Hypaphorine,IMPDH2
Abrus precatorius,Hypaphorine,KCNA5
Abrus precatorius,Hypaphorine,KISS1R
Abrus precatorius,Hypaphorine,LNPEP
Abrus precatorius,Hypaphorine,MAGI3
Abrus precatorius,Hypaphorine,MC1R
Abrus precatorius,Hypaphorine,MC3R
Abrus precatorius,Hypaphorine,MC4R
Abrus precatorius,Hypaphorine,MC5R
Abrus precatorius,Hypaphorine,MME
Abrus precatorius,Hypaphorine,MMP1
Abrus precatorius,Hypaphorine,MMP11
Abrus precatorius,Hypaphorine,MMP14
Abrus precatorius,Hypaphorine,MMP15
Abrus precatorius,Hypaphorine,MMP17
Abrus precatorius,Hypaphorine,MMP2
Abrus precatorius,Hypaphorine,MMP25
Abrus precatorius,Hypaphorine,MMP26
Abrus precatorius,Hypaphorine,MMP3
Abrus precatorius,Hypaphorine,MMP7
Abrus precatorius,Hypaphorine,MMP8
Abrus precatorius,Hypaphorine,MMP9
Abrus precatorius,Hypaphorine,MPO
Abrus precatorius,Hypaphorine,MTNR1A
Abrus precatorius,Hypaphorine,NCOR1
Abrus precatorius,Hypaphorine,NCOR2
Abrus precatorius,Hypaphorine,NMBR
Abrus precatorius,Hypaphorine,NR3C1
Abrus precatorius,Hypaphorine,NR3C2
Abrus precatorius,Hypaphorine,OPRD1
Abrus precatorius,Hypaphorine,OPRM1
Abrus precatorius,Hypaphorine,P4HB
Abrus precatorius,Hypaphorine,PPIB
Abrus precatorius,Hypaphorine,PRKAB2
Abrus precatorius,Hypaphorine,PRKCG
Abrus precatorius,Hypaphorine,PRKD2
Abrus precatorius,Hypaphorine,PRKG2
Abrus precatorius,Hypaphorine,PSMB8
Abrus precatorius,Hypaphorine,PSMB9
Abrus precatorius,Hypaphorine,RAD51
Abrus precatorius,Hypaphorine,RUVBL1
Abrus precatorius,Hypaphorine,SGK2
Abrus precatorius,Hypaphorine,SNCA
Abrus precatorius,Hypaphorine,SPR
Abrus precatorius,Hypaphorine,SSTR1
Abrus precatorius,Hypaphorine,SSTR2
Abrus precatorius,Hypaphorine,SSTR3
Abrus precatorius,Hypaphorine,SSTR4
Abrus precatorius,Hypaphorine,SSTR5
Abrus precatorius,Hypaphorine,ST14
Abrus precatorius,Hypaphorine,ST3GAL1
Abrus precatorius,Hypaphorine,STK3
Abrus precatorius,Hypaphorine,TACR1
Abrus precatorius,Hypaphorine,TACR2
Abrus precatorius,Hypaphorine,TAOK3
Abrus precatorius,Hypaphorine,TMPRSS6
Abrus precatorius,Hypaphorine,TYR
Abrus precatorius,L-Abrine,ACE
Abrus precatorius,L-Abrine,ACE2
Abrus precatorius,L-Abrine,ACHE
Abrus precatorius,L-Abrine,ADAM12
Abrus precatorius,L-Abrine,ADAM17
Abrus precatorius,L-Abrine,ADAM9
Abrus precatorius,L-Abrine,ADAMTS4
Abrus precatorius,L-Abrine,ADCY5
Abrus precatorius,L-Abrine,ADRB3
Abrus precatorius,L-Abrine,AHR
Abrus precatorius,L-Abrine,AKT1
Abrus precatorius,L-Abrine,AKT2
Abrus precatorius,L-Abrine,AKT3
Abrus precatorius,L-Abrine,ANPEP
Abrus precatorius,L-Abrine,BCHE
Abrus precatorius,L-Abrine,BMP1
Abrus precatorius,L-Abrine,BRS3
Abrus precatorius,L-Abrine,C3AR1
Abrus precatorius,L-Abrine,C5AR1
Abrus precatorius,L-Abrine,CAMK2D
Abrus precatorius,L-Abrine,CAMKK2
Abrus precatorius,L-Abrine,CAPN1
Abrus precatorius,L-Abrine,CAPN2
Abrus precatorius,L-Abrine,CAPNS1
Abrus precatorius,L-Abrine,CASP10
Abrus precatorius,L-Abrine,CASP4
Abrus precatorius,L-Abrine,CASP5
Abrus precatorius,L-Abrine,CASP9
Abrus precatorius,L-Abrine,CBX4
Abrus precatorius,L-Abrine,CBX7
Abrus precatorius,L-Abrine,CCKAR
Abrus precatorius,L-Abrine,CCKBR
Abrus precatorius,L-Abrine,CDC25B
Abrus precatorius,L-Abrine,CDC42BPA
Abrus precatorius,L-Abrine,CFTR
Abrus precatorius,L-Abrine,CPA1
Abrus precatorius,L-Abrine,CTBP2
Abrus precatorius,L-Abrine,CTSB
Abrus precatorius,L-Abrine,CTSL
Abrus precatorius,L-Abrine,DRD2
Abrus precatorius,L-Abrine,DRD3
Abrus precatorius,L-Abrine,DRD4
Abrus precatorius,L-Abrine,DYRK3
Abrus precatorius,L-Abrine,ECE1
Abrus precatorius,L-Abrine,EDNRA
Abrus precatorius,L-Abrine,EDNRB
Abrus precatorius,L-Abrine,EPHA1
Abrus precatorius,L-Abrine,EPHA3
Abrus precatorius,L-Abrine,EPHA4
Abrus precatorius,L-Abrine,EPHA5
Abrus precatorius,L-Abrine,EPHA6
Abrus precatorius,L-Abrine,EPHA7
Abrus precatorius,L-Abrine,EPHA8
Abrus precatorius,L-Abrine,EPHB1
Abrus precatorius,L-Abrine,EPHB2
Abrus precatorius,L-Abrine,EPHB3
Abrus precatorius,L-Abrine,EPHB6
Abrus precatorius,L-Abrine,ERAP1
Abrus precatorius,L-Abrine,ERAP2
Abrus precatorius,L-Abrine,FOLH1
Abrus precatorius,L-Abrine,FPR1
Abrus precatorius,L-Abrine,FPR2
Abrus precatorius,L-Abrine,GABRA1
Abrus precatorius,L-Abrine,GABRB1
Abrus precatorius,L-Abrine,GABRB2
Abrus precatorius,L-Abrine,GABRG2
Abrus precatorius,L-Abrine,GHSR
Abrus precatorius,L-Abrine,GPR84
Abrus precatorius,L-Abrine,GRPR
Abrus precatorius,L-Abrine,GSK3A
Abrus precatorius,L-Abrine,GSK3B
Abrus precatorius,L-Abrine,HDAC1
Abrus precatorius,L-Abrine,HDAC10
Abrus precatorius,L-Abrine,HDAC11
Abrus precatorius,L-Abrine,HDAC2
Abrus precatorius,L-Abrine,HDAC3
Abrus precatorius,L-Abrine,HDAC5
Abrus precatorius,L-Abrine,HDAC6
Abrus precatorius,L-Abrine,HDAC7
Abrus precatorius,L-Abrine,HDAC8
Abrus precatorius,L-Abrine,HDAC9
Abrus precatorius,L-Abrine,HGFAC
Abrus precatorius,L-Abrine,HLA-A
Abrus precatorius,L-Abrine,HPN
Abrus precatorius,L-Abrine,HTR1A
Abrus precatorius,L-Abrine,HTR1B
Abrus precatorius,L-Abrine,HTR1D
Abrus precatorius,L-Abrine,HTR1E
Abrus precatorius,L-Abrine,HTR2A
Abrus precatorius,L-Abrine,HTR2B
Abrus precatorius,L-Abrine,HTR2C
Abrus precatorius,L-Abrine,HTR4
Abrus precatorius,L-Abrine,IDE
Abrus precatorius,L-Abrine,IDO1
Abrus precatorius,L-Abrine,IMPDH1
Abrus precatorius,L-Abrine,IMPDH2
Abrus precatorius,L-Abrine,JUN
Abrus precatorius,L-Abrine,KCNA5
Abrus precatorius,L-Abrine,KISS1R
Abrus precatorius,L-Abrine,LAP3
Abrus precatorius,L-Abrine,LNPEP
Abrus precatorius,L-Abrine,LTA4H
Abrus precatorius,L-Abrine,MAGI3
Abrus precatorius,L-Abrine,MAPK8
Abrus precatorius,L-Abrine,MAPK9
Abrus precatorius,L-Abrine,MC1R
Abrus precatorius,L-Abrine,MC3R
Abrus precatorius,L-Abrine,MC4R
Abrus precatorius,L-Abrine,MC5R
Abrus precatorius,L-Abrine,MDM4
Abrus precatorius,L-Abrine,MME
Abrus precatorius,L-Abrine,MMP1
Abrus precatorius,L-Abrine,MMP11
Abrus precatorius,L-Abrine,MMP14
Abrus precatorius,L-Abrine,MMP15
Abrus precatorius,L-Abrine,MMP17
Abrus precatorius,L-Abrine,MMP2
Abrus precatorius,L-Abrine,MMP25
Abrus precatorius,L-Abrine,MMP26
Abrus precatorius,L-Abrine,MMP3
Abrus precatorius,L-Abrine,MMP7
Abrus precatorius,L-Abrine,MMP8
Abrus precatorius,L-Abrine,MMP9
Abrus precatorius,L-Abrine,MPO
Abrus precatorius,L-Abrine,MTNR1A
Abrus precatorius,L-Abrine,MTNR1B
Abrus precatorius,L-Abrine,NAALAD2
Abrus precatorius,L-Abrine,NCOR1
Abrus precatorius,L-Abrine,NCOR2
Abrus precatorius,L-Abrine,NMBR
Abrus precatorius,L-Abrine,NMUR1
Abrus precatorius,L-Abrine,NPEPPS
Abrus precatorius,L-Abrine,NR3C1
Abrus precatorius,L-Abrine,NR3C2
Abrus precatorius,L-Abrine,NTSR1
Abrus precatorius,L-Abrine,OPRD1
Abrus precatorius,L-Abrine,OPRM1
Abrus precatorius,L-Abrine,P4HB
Abrus precatorius,L-Abrine,PIN1
Abrus precatorius,L-Abrine,PPARA
Abrus precatorius,L-Abrine,PPARG
Abrus precatorius,L-Abrine,PPIB
Abrus precatorius,L-Abrine,PRKAA1
Abrus precatorius,L-Abrine,PRKAB2
Abrus precatorius,L-Abrine,PRKCG
Abrus precatorius,L-Abrine,PRKD2
Abrus precatorius,L-Abrine,PRKG2
Abrus precatorius,L-Abrine,PRKX
Abrus precatorius,L-Abrine,PSMB5
Abrus precatorius,L-Abrine,PSMB8
Abrus precatorius,L-Abrine,PSMB9
Abrus precatorius,L-Abrine,PTPN1
Abrus precatorius,L-Abrine,PTPN2
Abrus precatorius,L-Abrine,RAD51
Abrus precatorius,L-Abrine,REN
Abrus precatorius,L-Abrine,RPS6KA3
Abrus precatorius,L-Abrine,RUVBL1
Abrus precatorius,L-Abrine,SGK2
Abrus precatorius,L-Abrine,SLC16A10 protein
Abrus precatorius,L-Abrine,SLC18A2
Abrus precatorius,L-Abrine,SLC7A5
Abrus precatorius,L-Abrine,SNCA
Abrus precatorius,L-Abrine,SPR
Abrus precatorius,L-Abrine,SSTR1
Abrus precatorius,L-Abrine,SSTR2
Abrus precatorius,L-Abrine,SSTR3
Abrus precatorius,L-Abrine,SSTR4
Abrus precatorius,L-Abrine,SSTR5
Abrus precatorius,L-Abrine,ST14
Abrus precatorius,L-Abrine,ST3GAL1
Abrus precatorius,L-Abrine,STK3
Abrus precatorius,L-Abrine,Solute carrier organic anion transporter family member 1B1
Abrus precatorius,L-Abrine,Solute carrier organic anion transporter family member 1B3
Abrus precatorius,L-Abrine,TACR1
Abrus precatorius,L-Abrine,TACR2
Abrus precatorius,L-Abrine,TAOK3
Abrus precatorius,L-Abrine,TMPRSS6
Abrus precatorius,L-Abrine,TYR
Abrus precatorius,TYROSINE,ACE
Abrus precatorius,TYROSINE,ACE2
Abrus precatorius,TYROSINE,AKR1B1
Abrus precatorius,TYROSINE,AKR1B10
Abrus precatorius,TYROSINE,AKT1S1
Abrus precatorius,TYROSINE,AKT3
Abrus precatorius,TYROSINE,ANPEP
Abrus precatorius,TYROSINE,ARG1
Abrus precatorius,TYROSINE,ARG2
Abrus precatorius,TYROSINE,BHMT
Abrus precatorius,TYROSINE,Bloom syndrome protein
Abrus precatorius,TYROSINE,C3AR1
Abrus precatorius,TYROSINE,CA14
Abrus precatorius,TYROSINE,CA2
Abrus precatorius,TYROSINE,CA3
Abrus precatorius,TYROSINE,CA5A
Abrus precatorius,TYROSINE,CA5B
Abrus precatorius,TYROSINE,CA6
Abrus precatorius,TYROSINE,CA7
Abrus precatorius,TYROSINE,CACNA2D1
Abrus precatorius,TYROSINE,CAPN1
Abrus precatorius,TYROSINE,CAPN2
Abrus precatorius,TYROSINE,CASP1
Abrus precatorius,TYROSINE,CASR
Abrus precatorius,TYROSINE,CBX7
Abrus precatorius,TYROSINE,CHRND
Abrus precatorius,TYROSINE,CPA1
Abrus precatorius,TYROSINE,CPA3
Abrus precatorius,TYROSINE,CPB1
Abrus precatorius,TYROSINE,CSK
Abrus precatorius,TYROSINE,CTBP2
Abrus precatorius,TYROSINE,CTRB1
Abrus precatorius,TYROSINE,CTSH
Abrus precatorius,TYROSINE,CXCL8
Abrus precatorius,TYROSINE,Carbonic anhydrase I
Abrus precatorius,TYROSINE,Carbonic anhydrase II
Abrus precatorius,TYROSINE,Carbonic anhydrase IV
Abrus precatorius,TYROSINE,Carbonic anhydrase VA
Abrus precatorius,TYROSINE,Carbonic anhydrase VB
Abrus precatorius,TYROSINE,Carbonic anhydrase VI
Abrus precatorius,TYROSINE,Carbonic anhydrase VII
Abrus precatorius,TYROSINE,Carbonic anhydrase XII
Abrus precatorius,TYROSINE,Carbonic anhydrase XIV
Abrus precatorius,TYROSINE,Cholesterol 24-hydroxylase
Abrus precatorius,TYROSINE,DNPEP
Abrus precatorius,TYROSINE,DPP4
Abrus precatorius,TYROSINE,DPP7
Abrus precatorius,TYROSINE,DPP8
Abrus precatorius,TYROSINE,DPP9
Abrus precatorius,TYROSINE,EGFR
Abrus precatorius,TYROSINE,ENPEP
Abrus precatorius,TYROSINE,ERAP1
Abrus precatorius,TYROSINE,ERAP2
Abrus precatorius,TYROSINE,ESR1
Abrus precatorius,TYROSINE,ESR2
Abrus precatorius,TYROSINE,ESRRB
Abrus precatorius,TYROSINE,FAP
Abrus precatorius,TYROSINE,FOLH1
Abrus precatorius,TYROSINE,FYN
Abrus precatorius,TYROSINE,GCLC
Abrus precatorius,TYROSINE,GFPT1
Abrus precatorius,TYROSINE,GNPAT
Abrus precatorius,TYROSINE,GPR142
Abrus precatorius,TYROSINE,GRIA1
Abrus precatorius,TYROSINE,GRIA2
Abrus precatorius,TYROSINE,GRIA3
Abrus precatorius,TYROSINE,GRIA4
Abrus precatorius,TYROSINE,GRIK1
Abrus precatorius,TYROSINE,GRIK2
Abrus precatorius,TYROSINE,GRIK3
Abrus precatorius,TYROSINE,GRIK5
Abrus precatorius,TYROSINE,GRM4
Abrus precatorius,TYROSINE,GRM6
Abrus precatorius,TYROSINE,GRM8
Abrus precatorius,TYROSINE,GSTM1
Abrus precatorius,TYROSINE,HLA-A
Abrus precatorius,TYROSINE,HMGCR
Abrus precatorius,TYROSINE,IL1B
Abrus precatorius,TYROSINE,KDM4E
Abrus precatorius,TYROSINE,KIF11
Abrus precatorius,TYROSINE,KLK1
Abrus precatorius,TYROSINE,KMO
Abrus precatorius,TYROSINE,KYNU
Abrus precatorius,TYROSINE,L-type amino acid transporter 1
Abrus precatorius,TYROSINE,LAP3
Abrus precatorius,TYROSINE,LCK
Abrus precatorius,TYROSINE,LNPEP
Abrus precatorius,TYROSINE,LTA4H
Abrus precatorius,TYROSINE,LY96
Abrus precatorius,TYROSINE,MB
Abrus precatorius,TYROSINE,MDM4
Abrus precatorius,TYROSINE,MIF
Abrus precatorius,TYROSINE,MME
Abrus precatorius,TYROSINE,MMEL1
Abrus precatorius,TYROSINE,NAALAD2
Abrus precatorius,TYROSINE,NOS1
Abrus precatorius,TYROSINE,NOS2
Abrus precatorius,TYROSINE,NOS3
Abrus precatorius,TYROSINE,NPEPPS
Abrus precatorius,TYROSINE,NPPA
Abrus precatorius,TYROSINE,NPY4R
Abrus precatorius,TYROSINE,OPRD1
Abrus precatorius,TYROSINE,OPRK1
Abrus precatorius,TYROSINE,OPRM1
Abrus precatorius,TYROSINE,PAM
Abrus precatorius,TYROSINE,PARP10
Abrus precatorius,TYROSINE,PCNA
Abrus precatorius,TYROSINE,PPARA
Abrus precatorius,TYROSINE,PPARG
Abrus precatorius,TYROSINE,PRKCH
Abrus precatorius,TYROSINE,PSMA1
Abrus precatorius,TYROSINE,PSMA2
Abrus precatorius,TYROSINE,PSMA3
Abrus precatorius,TYROSINE,PSMA4
Abrus precatorius,TYROSINE,PSMA5
Abrus precatorius,TYROSINE,PSMA6
Abrus precatorius,TYROSINE,PSMA7
Abrus precatorius,TYROSINE,PSMA8
Abrus precatorius,TYROSINE,PSMB1
Abrus precatorius,TYROSINE,PSMB10
Abrus precatorius,TYROSINE,PSMB11
Abrus precatorius,TYROSINE,PSMB2
Abrus precatorius,TYROSINE,PSMB3
Abrus precatorius,TYROSINE,PSMB4
Abrus precatorius,TYROSINE,PSMB6
Abrus precatorius,TYROSINE,PSMB7
Abrus precatorius,TYROSINE,PSMB9
Abrus precatorius,TYROSINE,PTPRA
Abrus precatorius,TYROSINE,RNPEP
Abrus precatorius,TYROSINE,SCNN1A
Abrus precatorius,TYROSINE,SLC15A1
Abrus precatorius,TYROSINE,SLC16A10 protein
Abrus precatorius,TYROSINE,SLC1A1
Abrus precatorius,TYROSINE,SLC1A2
Abrus precatorius,TYROSINE,SLC1A3
Abrus precatorius,TYROSINE,SLC22A6
Abrus precatorius,TYROSINE,SLC7A11
Abrus precatorius,TYROSINE,SLC7A5
Abrus precatorius,TYROSINE,SLCO4C1
Abrus precatorius,TYROSINE,Solute carrier organic anion transporter family member 1B1
Abrus precatorius,TYROSINE,Solute carrier organic anion transporter family member 1B3
Abrus precatorius,TYROSINE,TH
Abrus precatorius,TYROSINE,THRA
Abrus precatorius,TYROSINE,THRB
Abrus precatorius,TYROSINE,TMPRSS6
Abrus precatorius,TYROSINE,TPH1
Abrus precatorius,TYROSINE,TPH2
Abrus precatorius,TYROSINE,TYR
Abrus precatorius,TYROSINE,USP4
Abrus precatorius,TYROSINE,USP5
Abrus precatorius,TYROSINE,XIAP
Abrus precatorius,TYROSINE,YARS1
