"category","subcategory","ID","Description","GeneRatio","BgRatio","RichFactor","FoldEnrichment","zScore","pvalue","p.adjust","qvalue","geneID","Count"
"Environmental Information Processing","Signaling molecules and interaction","hsa04080","Neuroactive ligand-receptor interaction","71/346","370/9522",0.191891891891892,5.28090923293235,16.3091567014529,9.9024810327321e-33,2.92123190465597e-30,1.37592368033751e-30,"9170/5732/5733/5734/152/3062/134/135/4985/155/680/719/728/886/887/1813/1814/1815/1909/1910/2357/2358/2554/2560/2561/2566/2693/2925/3350/3351/3352/3354/3356/3357/3358/3360/84634/4157/4159/4160/4161/4543/4544/4829/10316/2908/4923/4988/6751/6752/6753/6754/6755/6869/6865/1144/2890/2891/2892/2893/2897/2898/2899/2901/2914/2916/2918/5540/4986/7067/7068",71
"Environmental Information Processing","Signaling molecules and interaction","hsa04082","Neuroactive ligand signaling","45/346","199/9522",0.226130653266332,6.22316786243355,14.4589018303211,7.3114387200482e-24,1.07843721120711e-21,5.07952584761243e-22,"43/2782/54331/152/134/135/4985/111/1813/1814/1815/2554/2560/2561/2566/3350/3351/3352/3354/3356/3357/3358/3360/4159/4160/4988/5582/6571/6869/6865/2890/2891/2892/2893/2897/2898/2899/2901/2914/2916/2918/4986/6505/6506/6507",45
"Genetic Information Processing","Folding, sorting and degradation","hsa03050","Proteasome","19/346","46/9522",0.41304347826087,11.3670520231214,13.6859294600273,4.61901628283962e-16,4.54203267812563e-14,2.13933385731519e-14,"5693/5696/5698/5682/5683/5684/5685/5686/5687/5688/143471/5689/5699/122706/5690/5691/5692/5694/5695",19
"Environmental Information Processing","Signal transduction","hsa04024","cAMP signaling pathway","37/346","226/9522",0.163716814159292,4.50552457926237,10.3564713509819,6.90504012720763e-15,5.09246709381562e-13,2.39859288629318e-13,"2033/2353/338442/3725/4790/5732/5733/387/134/135/801/1385/111/207/208/10000/817/1080/1813/1909/2693/3350/3351/3352/3354/3360/5599/5601/5465/6751/6752/6755/2890/2891/2892/2893/4878",37
"Metabolism","Energy metabolism","hsa00910","Nitrogen metabolism","12/346","17/9522",0.705882352941177,19.4260455627338,14.764990447981,2.30893708933799e-14,1.36227288270942e-12,6.41641464826558e-13,"759/771/377677/23632/760/761/762/763/11238/765/766/768",12
"Organismal Systems","Nervous system","hsa04728","Dopaminergic synapse","26/346","133/9522",0.195488721804511,5.37989482376461,9.8771684890676,1.2777800607499e-12,6.28241863202034e-11,2.95906961436819e-11,"2353/2782/54331/4128/4129/2932/801/1385/111/207/208/10000/817/1813/1814/1815/2931/5599/5601/5582/6571/2890/2891/2892/2893/7054",26
"Organismal Systems","Nervous system","hsa04726","Serotonergic synapse","24/346","115/9522",0.208695652173913,5.74335260115607,9.9371395137151,2.18107922708388e-12,9.19169102842493e-11,4.32936027030184e-11,"240/351/2782/54331/4128/4129/247/239/246/111/2560/2561/3350/3351/3352/3354/3356/3357/3358/3360/5582/6571/7166/121278",24
"Human Diseases","Neurodegenerative disease","hsa05017","Spinocerebellar ataxia","26/346","144/9522",0.180555555555556,4.96893063583815,9.31863433512951,8.66824520510142e-12,3.19641541938115e-10,1.50553732509656e-10,"2081/3752/207/208/10000/5599/5601/5582/5693/2890/2891/2892/5682/5683/5684/5685/5686/5687/5688/143471/5689/5690/5691/5692/5694/5695",26
"Environmental Information Processing","Signaling molecules and interaction","hsa04081","Hormone signaling","32/346","219/9522",0.146118721461187,4.02122099928735,8.78305639084985,1.2178307173444e-11,3.99177846240663e-10,1.8801597039703e-10,"2099/2100/2782/54331/387/152/3062/4985/111/155/886/887/1813/1814/1815/2693/4157/4159/4160/4161/4988/5593/6751/6752/6753/6754/6755/4842/4878/4986/7067/7068",32
"Human Diseases","Cardiovascular disease","hsa05417","Lipid and atherosclerosis","31/346","216/9522",0.143518518518519,3.94966281310212,8.51471966499559,4.16313097981282e-11,1.22812363904478e-09,5.78456094037149e-10,"2353/3303/3329/3725/4312/4318/4780/4790/387/7132/2932/3383/6401/7412/801/1543/2081/207/208/10000/817/842/5599/5601/4314/5468/834/3576/3553/23643/4846",31
"Human Diseases","Cardiovascular disease","hsa05418","Fluid shear stress and atherosclerosis","24/346","142/9522",0.169014084507042,4.65130668403484,8.51223676136837,2.36533052093261e-10,5.94978392775802e-09,2.80239599808763e-09,"2353/3725/4313/4318/4780/4790/387/7132/3383/6401/7412/801/1728/7422/207/208/10000/1514/5599/5601/5562/2944/3553/4846",24
"Human Diseases","Substance dependence","hsa05031","Amphetamine addiction","17/346","69/9522",0.246376811594203,6.78034682080925,9.35720712457409,2.4202510892575e-10,5.94978392775802e-09,2.80239599808763e-09,"2353/3065/3066/3725/4128/4129/801/1385/111/817/5582/6571/2890/2891/2892/2893/7054",17
"Human Diseases","Endocrine and metabolic disease","hsa04933","AGE-RAGE signaling pathway in diabetic complications","20/346","101/9522",0.198019801980198,5.44955073542036,8.72933132560153,4.24719496125101e-10,9.63786548899268e-09,4.5395120233614e-09,"2152/3725/4313/4790/6772/1019/3383/6401/7412/50507/5292/7422/207/208/10000/5599/5601/3576/3553/4846",20
"Human Diseases","Neurodegenerative disease","hsa05012","Parkinson disease","33/346","271/9522",0.121771217712177,3.35117206663396,7.62478053589211,8.07245330136196e-10,1.70098123135841e-08,8.01175816375774e-09,"4128/4129/4137/4780/120892/135/801/2081/81027/111/817/842/1813/5599/5601/5693/6571/6622/5682/5683/5684/5685/5686/5687/5688/143471/5689/5690/5691/5692/5694/5695/7054",33
"Organismal Systems","Endocrine system","hsa04926","Relaxin signaling pathway","22/346","130/9522",0.169230769230769,4.65726989773233,8.1527152717868,1.3235492133228e-09,2.60298011953484e-08,1.22602453444638e-08,"2353/2782/54331/3725/4312/4313/4318/4790/1956/4322/1385/7422/111/207/208/10000/1910/5599/5601/4842/4843/4846",22
"Human Diseases","Neurodegenerative disease","hsa05010","Alzheimer disease","40/346","391/9522",0.10230179028133,2.81536892213533,7.11781560924456,2.30797164452725e-09,4.25532271959712e-08,2.00429116498419e-08,"351/23621/4137/4790/7132/2932/801/2081/50507/81027/6868/207/208/10000/823/824/842/3416/5599/5601/4311/5693/6622/3553/4842/4843/5682/5683/5684/5685/5686/5687/5688/143471/5689/5690/5691/5692/5694/5695",40
"Environmental Information Processing","Signal transduction","hsa04668","TNF signaling pathway","20/346","119/9522",0.168067226890756,4.62524894350804,7.72735255050695,8.57501880462112e-09,1.4880179690372e-07,7.00868410037145e-08,"2353/3725/4318/4790/7132/3383/6401/7412/1385/6868/207/208/10000/843/5599/5601/4323/4314/3553/331",20
"Organismal Systems","Endocrine system","hsa04614","Renin-angiotensin system","9/346","23/9522",0.391304347826087,10.7687861271676,9.10789898377258,5.18615707892226e-08,8.49953521267814e-07,4.00334932408034e-07,"1636/59272/290/4012/4311/5972/1359/2028/3816",9
"Organismal Systems","Nervous system","hsa04724","Glutamatergic synapse","18/346","116/9522",0.155172413793103,4.27038070560096,6.88141023137649,1.7114268416405e-07,2.6572153593892e-06,1.2515697678479e-06,"2782/54331/111/5582/2890/2891/2892/2893/2897/2898/2899/2901/2914/2916/2918/6505/6506/6507",18
"Human Diseases","Neurodegenerative disease","hsa05022","Pathways of neurodegeneration - multiple diseases","41/346","483/9522",0.0848861283643892,2.33608587943848,5.85194688808389,2.90655968097025e-07,4.14840215910308e-06,1.95393072257487e-06,"351/4137/4790/7132/2932/120892/801/2081/50507/10280/81027/817/823/824/842/5599/5601/5582/5693/6622/2890/2891/2892/2893/3553/4842/4843/5682/5683/5684/5685/5686/5687/5688/143471/5689/5690/5691/5692/5694/5695",41
"Human Diseases","Neurodegenerative disease","hsa05016","Huntington disease","31/346","311/9522",0.0996784565916399,2.74317417244392,6.06904301341612,2.95309984207338e-07,4.14840215910308e-06,1.95393072257487e-06,"2033/3065/3066/1385/2081/81027/842/5599/5601/5468/5693/2890/2891/2892/2893/5682/5683/5684/5685/5686/5687/5688/143471/5689/5690/5691/5692/5694/5695/6506/6507",31
"Human Diseases","Endocrine and metabolic disease","hsa04931","Insulin resistance","17/346","109/9522",0.155963302752294,4.29214615262237,6.71244834014943,3.5110550732148e-07,4.55443017286328e-06,2.14517317687049e-06,"4790/5781/7132/2932/1385/207/208/10000/5599/5601/5465/5562/5565/5770/6197/2673/4846",17
"Organismal Systems","Environmental adaptation","hsa04713","Circadian entrainment","16/346","97/9522",0.164948453608247,4.53941958166975,6.80346048153866,3.55091166019849e-07,4.55443017286328e-06,2.14517317687049e-06,"2353/2782/54331/801/1385/111/817/4543/4544/5582/5593/2890/2891/2892/2893/4842",16
"Metabolism","Metabolism of cofactors and vitamins","hsa00790","Folate biosynthesis","9/346","28/9522",0.321428571428571,8.84578860445913,8.07316137856886,3.73020922261126e-07,4.58504883612634e-06,2.15959481309073e-06,"231/57016/8644/873/5860/6697/7054/7166/121278",9
"Human Diseases","Substance dependence","hsa05034","Alcoholism","23/346","191/9522",0.120418848167539,3.31395454407893,6.27277979186127,4.01019353495959e-07,4.73202837125232e-06,2.22882335416701e-06,"2782/54331/3065/83933/79885/3066/9759/10014/51564/55869/9734/4128/4129/135/801/1385/111/10645/1813/8841/10013/6571/7054",23
"Cellular Processes","Cell growth and death","hsa04210","Apoptosis","19/346","137/9522",0.138686131386861,3.81667440192397,6.448109761427,4.74926217412577e-07,5.38858592833501e-06,2.53806723475547e-06,"2353/3725/4790/7132/4914/2081/207/208/10000/823/824/843/842/1508/1514/5599/5601/1512/331",19
"Organismal Systems","Immune system","hsa04613","Neutrophil extracellular trap formation","23/346","196/9522",0.11734693877551,3.22941488734222,6.12384030095412,6.38204379603614e-07,6.72393899939522e-06,3.16702925216831e-06,"3065/83933/79885/3066/9759/10014/51564/55869/9734/4790/6850/207/208/10000/728/837/2357/2358/8841/10013/4353/5582/834",23
"Human Diseases","Infectious disease: viral","hsa05167","Kaposi sarcoma-associated herpesvirus infection","23/346","196/9522",0.11734693877551,3.22941488734222,6.12384030095412,6.38204379603614e-07,6.72393899939522e-06,3.16702925216831e-06,"2033/2353/2782/54331/3725/4790/6772/7132/1019/2932/3383/6850/801/1385/7422/207/208/10000/842/3105/5599/5601/3576",23
"Organismal Systems","Endocrine system","hsa04924","Renin secretion","13/346","69/9522",0.188405797101449,5.1849710982659,6.77461795819164,9.421778959407e-07,9.58422342422436e-06,4.51424618018775e-06,"5732/5734/134/801/1385/1636/111/155/1508/1909/5593/5972/4878",13
"Human Diseases","Cancer: overview","hsa05203","Viral carcinogenesis","23/346","205/9522",0.11219512195122,3.08763569716622,5.8674071629711,1.41247705601444e-06,1.38893577174753e-05,6.54199899627741e-06,"2033/3065/83933/79885/3066/9759/10014/51564/55869/9734/3725/4790/387/1017/1019/6850/1111/3718/1385/8841/10013/3105/3249",23
"Organismal Systems","Endocrine system","hsa04935","Growth hormone synthesis, secretion and action","17/346","122/9522",0.139344262295082,3.8347863166872,6.11911965858645,1.79505474492169e-06,1.70819725726418e-05,8.04574622511587e-06,"2033/2353/6772/2932/1385/111/207/208/10000/2693/5599/5601/5582/6751/6752/6753/6755",17
"Human Diseases","Infectious disease: viral","hsa05162","Measles","18/346","136/9522",0.132352941176471,3.64238354301258,6.02667351110515,1.9122824935081e-06,1.76288542370278e-05,8.30333187970623e-06,"2353/3303/3725/4790/6772/54106/1017/1019/2932/3718/3558/207/208/10000/842/5599/5601/3553",18
"Human Diseases","Infectious disease: viral","hsa05163","Human cytomegalovirus infection","24/346","227/9522",0.105726872246696,2.90962796974867,5.65444036485256,2.41771624446267e-06,2.12380058277815e-05,1.00032712551906e-05,"6387/2782/54331/4790/5732/5733/5734/387/7132/1019/2932/1956/801/1385/7422/111/207/208/10000/842/3105/5582/3576/3553",24
"Human Diseases","Drug resistance: antineoplastic","hsa01522","Endocrine resistance","15/346","99/9522",0.151515151515152,4.16973200210194,6.15599382951206,2.51976340329611e-06,2.12380058277815e-05,1.00032712551906e-05,"2099/2100/2353/3725/4313/4318/1019/1956/111/207/208/10000/5599/5601/9611",15
"Organismal Systems","Sensory system","hsa04750","Inflammatory mediator regulation of TRP channels","15/346","99/9522",0.151515151515152,4.16973200210194,6.15599382951206,2.51976340329611e-06,2.12380058277815e-05,1.00032712551906e-05,"5732/5734/4914/239/801/111/817/3356/3357/3358/5599/5601/5582/3553/5583",15
"Human Diseases","Infectious disease: parasitic","hsa05142","Chagas disease","15/346","103/9522",0.145631067961165,4.00780066221449,5.95961073873539,4.18645300739319e-06,3.43056565883609e-05,1.61582396776579e-05,"2353/3725/4790/54106/7132/3558/1636/207/208/10000/5599/5601/3576/3553/4843",15
"Human Diseases","Endocrine and metabolic disease","hsa04936","Alcoholic liver disease","18/346","144/9522",0.125,3.4400289017341,5.72893285085242,4.39316037078152e-06,3.5026548902177e-05,1.64977857451824e-05,"4790/7132/2932/50507/207/208/10000/719/728/10645/5599/5601/5465/5562/5565/3576/3553/23643",18
"Organismal Systems","Immune system","hsa04625","C-type lectin receptor signaling pathway","15/346","105/9522",0.142857142857143,3.93146160198183,5.86509706304452,5.34278526531425e-06,4.11457222796636e-05,1.93799655340431e-05,"3725/4790/5781/387/6772/6850/801/3558/207/208/10000/5599/5601/834/3553",15
"Environmental Information Processing","Signal transduction","hsa04020","Calcium signaling pathway","25/346","254/9522",0.0984251968503937,2.70868417459378,5.35967273740764,5.4396039623962e-06,4.11457222796636e-05,1.93799655340431e-05,"5733/5159/1956/4914/135/801/7422/155/817/886/887/1909/1910/2925/3356/3357/3358/3360/4923/5582/6869/6865/4842/4843/4846",25
"Human Diseases","Cancer: specific types","hsa05215","Prostate cancer","15/346","106/9522",0.141509433962264,3.89437234158578,5.81871031967133,6.02143348040682e-06,4.44080719180003e-05,2.09165584056237e-05,"2033/4318/4790/1017/2932/5159/1956/367/1385/207/208/10000/842/2346/4314",15
"Human Diseases","Infectious disease: viral","hsa05166","Human T-cell leukemia virus 1 infection","23/346","224/9522",0.102678571428571,2.82573802642444,5.36933287198228,6.45246830133627e-06,4.64262963144927e-05,2.18671582997789e-05,"2033/2353/3725/4790/7132/1017/1019/3383/1111/3718/1385/3558/7015/111/207/208/10000/3105/5599/5601/4316/3932/331",23
"Human Diseases","Infectious disease: viral","hsa05161","Hepatitis B","19/346","163/9522",0.116564417177914,3.20787971204653,5.52086486403201,6.75958001226346e-06,4.74780024670886e-05,2.23625203413227e-05,"2033/2353/3725/4318/4790/6772/1017/3718/1385/207/208/10000/843/842/5599/5601/5582/3576/5111",19
"Organismal Systems","Endocrine system","hsa04920","Adipocytokine signaling pathway","12/346","70/9522",0.171428571428571,4.7177539223782,6.06206283374215,6.96721495390272e-06,4.77983351488675e-05,2.25133996062462e-05,"4790/5781/7132/207/208/10000/10645/5599/5601/5465/5562/5565",12
"Human Diseases","Cancer: overview","hsa05208","Chemical carcinogenesis - reactive oxygen species","23/346","227/9522",0.101321585903084,2.78839347100914,5.29546298593635,8.05784886536709e-06,5.24367407023519e-05,2.46981258615895e-05,"8644/1109/1545/2353/3725/4780/4790/5781/1956/873/1543/50507/1728/7422/196/207/208/10000/5599/5601/25865/5770/2944",23
"Organismal Systems","Endocrine system","hsa04917","Prolactin signaling pathway","12/346","71/9522",0.169014084507042,4.65130668403484,5.99640882244656,8.11452533974632e-06,5.24367407023519e-05,2.46981258615895e-05,"2099/2100/2353/4790/6772/2932/207/208/10000/5599/5601/7054",12
"Human Diseases","Substance dependence","hsa05030","Cocaine addiction","10/346","49/9522",0.204081632653061,5.6163737171169,6.29082871710199,8.17657651629894e-06,5.24367407023519e-05,2.46981258615895e-05,"3725/4128/4129/4790/1385/111/1813/6571/2891/7054",10
"Human Diseases","Infectious disease: bacterial","hsa05152","Tuberculosis","20/346","182/9522",0.10989010989011,3.02420123229372,5.35387922930483,9.51752226384228e-06,5.97376397411377e-05,2.81369079244609e-05,"2033/3329/4790/387/6772/54106/7132/6850/801/1385/207/208/10000/817/843/842/5599/5601/3553/4843",20
"Human Diseases","Cancer: overview","hsa05207","Chemical carcinogenesis - receptor activation","22/346","217/9522",0.101382488479263,2.79006952398711,5.17957595946695,1.25913468248456e-05,7.73843190276967e-05,3.64486355456056e-05,"1545/2099/2100/2353/3725/4790/1956/367/1385/1543/7422/111/155/196/207/208/10000/5465/5582/6197/2944/331",22
"Human Diseases","Endocrine and metabolic disease","hsa04932","Non-alcoholic fatty liver disease","18/346","157/9522",0.114649681528662,3.15518574426568,5.28729169355396,1.48846127299309e-05,8.96114439863184e-05,4.22077095671509e-05,"2353/3725/4790/7132/2932/2081/207/208/10000/2931/5599/5601/5465/5468/5562/5565/3576/3553",18
"Metabolism","Amino acid metabolism","hsa00380","Tryptophan metabolism","9/346","42/9522",0.214285714285714,5.89719240297275,6.17618467120115,1.53462890041545e-05,9.05431051245113e-05,4.2646529443124e-05,"1545/4128/4129/1543/3620/8564/8942/7166/121278",9
"Human Diseases","Cancer: specific types","hsa05212","Pancreatic cancer","12/346","77/9522",0.155844155844156,4.288867202162,5.62656511053323,1.91445558526099e-05,0.000110738117186665,5.21585422609804e-05,"4790/6772/1019/1956/7422/207/208/10000/842/5599/5601/5888",12
"Human Diseases","Infectious disease: bacterial","hsa05133","Pertussis","12/346","78/9522",0.153846153846154,4.2338817252112,5.56860065073081,2.18983109414414e-05,0.000124230802456254,5.85137053496005e-05,"2353/3725/4790/387/801/5599/5601/834/3576/3553/23643/4843",12
"Organismal Systems","Immune system","hsa04660","T cell receptor signaling pathway","15/346","122/9522",0.122950819672131,3.38363498531223,5.14527236556009,3.37385692297043e-05,0.000184312554125236,8.68126927547947e-05,"2353/3725/4790/5781/387/1019/2932/3558/207/208/10000/5599/5601/2534/3932",15
"Organismal Systems","Endocrine system","hsa04919","Thyroid hormone signaling pathway","15/346","122/9522",0.122950819672131,3.38363498531223,5.14527236556009,3.37385692297043e-05,0.000184312554125236,8.68126927547947e-05,"2033/2099/3065/3066/6772/2932/207/208/10000/842/8841/9611/5582/7067/7068",15
"Human Diseases","Infectious disease: bacterial","hsa05135","Yersinia infection","16/346","138/9522",0.115942028985507,3.19075144508671,5.03374579722407,3.86417719660734e-05,0.000207260413272576,9.76213186511328e-05,"2353/3725/4790/387/2932/3558/207/208/10000/5599/5601/6197/834/3576/3553/3932",16
"Organismal Systems","Endocrine system","hsa04915","Estrogen signaling pathway","16/346","139/9522",0.115107913669065,3.16779639871918,4.99928230846711,4.22504204929949e-05,0.000222366019816249,0.000104736180609259,"2099/2100/2353/3303/3725/4313/4318/1956/801/1385/111/207/208/10000/4988/4846",16
"Human Diseases","Infectious disease: parasitic","hsa05143","African trypanosomiasis","8/346","37/9522",0.216216216216216,5.95032026245899,5.85825295960401,4.29656377272074e-05,0.000222366019816249,0.000104736180609259,"54106/3383/6401/7412/3620/5582/3553/4878",8
"Human Diseases","Infectious disease: parasitic","hsa05145","Toxoplasmosis","14/346","112/9522",0.125,3.4400289017341,5.04384578574073,5.11661831187297e-05,0.000260241793448711,0.000122575974077537,"240/3303/4790/6772/7132/207/208/10000/842/5599/5601/23643/4843/331",14
"Organismal Systems","Development and regeneration","hsa04380","Osteoclast differentiation","16/346","143/9522",0.111888111888112,3.07918670924451,4.86447382317005,5.98366690573912e-05,0.000299183345286956,0.000140917757637389,"2353/3725/4790/6772/7132/6850/1385/207/208/10000/5599/5601/5468/2534/3553/3932",16
"Metabolism","Amino acid metabolism","hsa00330","Arginine and proline metabolism","9/346","50/9522",0.18,4.95364161849711,5.44269611435447,6.67135438177087e-05,0.000328008257103734,0.00015449452252522,"4128/4129/4953/51056/383/384/4842/4843/4846",9
"Organismal Systems","Aging","hsa04213","Longevity regulating pathway - multiple species","10/346","62/9522",0.161290322580645,4.43874696997949,5.27476513332561,7.02794313840422e-05,0.000339875938660532,0.000160084295818698,"3065/3066/3303/111/207/208/10000/5562/5565/84335",10
"Human Diseases","Neurodegenerative disease","hsa05020","Prion disease","24/346","278/9522",0.0863309352517986,2.37584729903938,4.52080000406637,7.28206869713911e-05,0.000346485526718716,0.000163197464859484,"3303/2932/1385/81027/842/5599/5601/5693/2534/3553/5682/5683/5684/5685/5686/5687/5688/143471/5689/5690/5691/5692/5694/5695",24
"Human Diseases","Substance dependence","hsa05033","Nicotine addiction","8/346","41/9522",0.195121951219512,5.36980121246299,5.44476531852965,9.36540429967921e-05,0.000438538772762757,0.000206555282799943,"2554/2560/2561/2566/2890/2891/2892/2893",8
"Environmental Information Processing","Signal transduction","hsa04072","Phospholipase D signaling pathway","16/346","149/9522",0.10738255033557,2.95519261357024,4.67085088769367,9.82707740443636e-05,0.000452966849110739,0.000213351022596316,"9170/5781/387/5159/6850/1956/3815/111/207/208/10000/3576/2534/2914/2916/2918",16
"Environmental Information Processing","Signal transduction","hsa04022","cGMP-PKG signaling pathway","17/346","166/9522",0.102409638554217,2.81833693154119,4.58918881666042,0.000108354036120722,0.000490026117797284,0.00023080623567972,"387/152/8654/134/801/1385/4985/111/155/207/208/10000/1909/1910/5593/4846/4878",17
"Organismal Systems","Nervous system","hsa04722","Neurotrophin signaling pathway","14/346","120/9522",0.116666666666667,3.2106936416185,4.73218474571316,0.000109632961947867,0.000490026117797284,0.00023080623567972,"3725/4790/5781/387/2932/4914/801/207/208/10000/817/5599/5601/6197",14
"Human Diseases","Infectious disease: viral","hsa05171","Coronavirus disease - COVID-19","21/346","238/9522",0.0882352941176471,2.42825569534172,4.33290838791104,0.000151546090072896,0.000666199238588632,0.000313785189986439,"2353/3725/4312/4790/6772/7132/6850/1956/3558/1636/59272/6868/719/728/5599/5601/4314/5582/834/3576/3553",21
"Organismal Systems","Immune system","hsa04620","Toll-like receptor signaling pathway","13/346","109/9522",0.119266055045872,3.28222941082887,4.65330101106106,0.000153564570250939,0.000666199238588632,0.000313785189986439,"2353/3725/4790/6772/54106/207/208/10000/5599/5601/3576/3553/23643",13
"Organismal Systems","Immune system","hsa04657","IL-17 signaling pathway","12/346","95/9522",0.126315789473684,3.47623973227867,4.70999413550215,0.000158313720778155,0.000676848516370374,0.000318801085319855,"2353/3725/4312/4318/4790/2932/4322/5599/5601/4314/3576/3553",12
"Environmental Information Processing","Signal transduction","hsa04071","Sphingolipid signaling pathway","14/346","125/9522",0.112,3.08226589595376,4.55039616570564,0.000170276486919415,0.000717593766303247,0.000337992425163349,"4790/387/7132/4363/134/4985/207/208/10000/5599/5601/5582/2534/4846",14
"Environmental Information Processing","Signal transduction","hsa04010","MAPK signaling pathway","24/346","300/9522",0.08,2.20161849710983,4.10645722140064,0.000235375926041183,0.000977970396931675,0.00046063190863508,"2353/3303/3725/4137/4790/7132/5159/1956/4914/3815/5228/7422/207/208/10000/994/5599/5601/5582/6197/6788/51347/781/3553",24
"Organismal Systems","Endocrine system","hsa04923","Regulation of lipolysis in adipocytes","9/346","59/9522",0.152542372881356,4.19800137160772,4.78456942855457,0.000250894874342069,0.00102797205459598,0.000484183090835571,"5733/134/111/155/207/208/10000/5593/4878",9
"Human Diseases","Cancer: specific types","hsa05210","Colorectal cancer","11/346","87/9522",0.126436781609195,3.479569463823,4.51146490089017,0.000293407780153475,0.00118568897459281,0.000558469026391617,"2353/3725/387/2932/1956/207/208/10000/842/5599/5601",11
"Organismal Systems","Development and regeneration","hsa04360","Axon guidance","17/346","184/9522",0.0923913043478261,2.54263005780347,4.10295161496528,0.00037502996512437,0.0014950518879958,0.000704181442338789,"6387/5781/387/2932/817/2041/2042/2043/2044/285220/2045/2046/2047/2048/2049/2051/2534",17
"Organismal Systems","Aging","hsa04211","Longevity regulating pathway","11/346","90/9522",0.122222222222222,3.3635838150289,4.37464680907478,0.000395581243842171,0.00153547982807159,0.000723223326692058,"4790/1385/111/207/208/10000/10645/5468/5562/5565/84335",11
"Human Diseases","Cancer: overview","hsa05235","PD-L1 expression and PD-1 checkpoint pathway in cancer","11/346","90/9522",0.122222222222222,3.3635838150289,4.37464680907478,0.000395581243842171,0.00153547982807159,0.000723223326692058,"2353/3725/4790/5781/6772/54106/1956/207/208/10000/3932",11
"Human Diseases","Substance dependence","hsa05032","Morphine addiction","11/346","91/9522",0.120879120879121,3.32662135552309,4.33032171991929,0.00043566026963082,0.0016690880459882,0.000786153870010502,"2782/54331/134/2870/111/2554/2560/2561/2566/4988/5582",11
"Organismal Systems","Digestive system","hsa04972","Pancreatic secretion","12/346","106/9522",0.113207547169811,3.11549787326862,4.25289764194151,0.000445750975550906,0.00167424562181405,0.000788583129632309,"1361/760/387/276/111/886/1080/1357/5582/1359/1360/1504",12
"Human Diseases","Neurodegenerative disease","hsa05014","Amyotrophic lateral sclerosis","27/346","371/9522",0.0727762803234501,2.00282006138697,3.82585336014583,0.000448357302112915,0.00167424562181405,0.000788583129632309,"7132/2081/10280/81027/842/10013/5693/834/2890/2891/4842/4843/5682/5683/5684/5685/5686/5687/5688/143471/5689/5690/5691/5692/5694/5695/6506",27
"Human Diseases","Infectious disease: viral","hsa05169","Epstein-Barr virus infection","18/346","205/9522",0.0878048780487805,2.41641054560835,3.98089445983856,0.000472633977531116,0.00174283779214599,0.000820890592554044,"3065/3066/3725/4790/6772/1017/1019/3383/6850/3718/207/208/10000/842/3105/5599/5601/9612",18
"Organismal Systems","Endocrine system","hsa04921","Oxytocin signaling pathway","15/346","155/9522",0.0967741935483871,2.66324818198769,4.05392095054155,0.000503692803437586,0.00183443675326035,0.000864034438645372,"7226/2353/3725/387/1956/801/111/817/10645/5562/5565/5582/781/4846/4878",15
"Environmental Information Processing","Signal transduction","hsa04371","Apelin signaling pathway","14/346","140/9522",0.1,2.75202312138728,4.05516720782888,0.000553669723269713,0.00199186058981177,0.000938182329545599,"2782/54331/9759/10014/801/111/207/208/10000/5562/5565/4842/4843/4846",14
"Human Diseases","Cancer: specific types","hsa05219","Bladder cancer","7/346","41/9522",0.170731707317073,4.69857606090512,4.60841985372824,0.000608966078814386,0.00216439750903908,0.00101944860372224,"4312/4313/4318/1019/1956/7422/3576",7
"Environmental Information Processing","Signal transduction","hsa04066","HIF-1 signaling pathway","12/346","110/9522",0.109090909090909,3.0022070415134,4.10125711908592,0.00062564466698182,0.00219720448523377,0.00103490095290226,"2033/4790/1956/7422/207/208/10000/817/5582/4843/4846/4878",12
"Environmental Information Processing","Signal transduction","hsa04015","Rap1 signaling pathway","18/346","212/9522",0.0849056603773585,2.33662340495147,3.82168406132563,0.000704669195419816,0.00244561661939818,0.00115190506248193,"9170/387/5159/1956/135/801/3815/5228/7422/111/207/208/10000/1813/2357/260425/5582/25865",18
"Human Diseases","Infectious disease: bacterial","hsa05131","Shigellosis","20/346","253/9522",0.0790513833992095,2.17551234892275,3.67979516845916,0.000896814751913578,0.00307628316063379,0.0014489540667392,"3725/4790/387/7132/2932/1956/207/208/10000/823/824/826/837/2931/5599/5601/84335/834/3576/3553",20
"Organismal Systems","Endocrine system","hsa04928","Parathyroid hormone synthesis, secretion and action","12/346","115/9522",0.104347826086957,2.87167630057803,3.92108917199726,0.000932672660360047,0.00316251074489901,0.00148956795121024,"2353/387/1956/4322/1385/111/4323/4324/4326/64386/5582/846",12
"Organismal Systems","Nervous system","hsa04725","Cholinergic synapse","12/346","116/9522",0.103448275862069,2.84692047040064,3.88621954617916,0.00100711331158288,0.0033624497793179,0.00158374084164126,"43/2353/2782/54331/1385/111/207/208/10000/817/5582/2534",12
"Human Diseases","Infectious disease: bacterial","hsa05120","Epithelial cell signaling in Helicobacter pylori infection","9/346","71/9522",0.126760563380282,3.48848001302613,4.08674066460571,0.00101443400121794,0.0033624497793179,0.00158374084164126,"3725/4790/5781/1956/6868/5599/5601/1445/3576",9
"Organismal Systems","Nervous system","hsa04723","Retrograde endocannabinoid signaling","14/346","149/9522",0.0939597315436242,2.58579353687396,3.78837619270728,0.0010292297793905,0.00337358649911331,0.00158898632607656,"2782/54331/111/2554/2560/2561/2566/5599/5601/5582/2890/2891/2892/2893",14
"Organismal Systems","Endocrine system","hsa04916","Melanogenesis","11/346","101/9522",0.108910891089109,2.9972529044812,3.91830172998112,0.00105949255843643,0.00343044174779686,0.00161576560467149,"2033/2932/801/1385/3815/111/817/1910/4157/5582/7299",11
"Environmental Information Processing","Signal transduction","hsa04012","ErbB signaling pathway","10/346","86/9522",0.116279069767442,3.20002688533405,3.97956751582378,0.00106983268066885,0.00343044174779686,0.00161576560467149,"3725/2932/1956/207/208/10000/817/5599/5601/5582",10
"Metabolism","Amino acid metabolism","hsa00220","Arginine biosynthesis","5/346","23/9522",0.217391304347826,5.98265895953757,4.64556741065797,0.00120578339789129,0.0038247967997627,0.00180151000024506,"383/384/4842/4843/4846",5
"Human Diseases","Cancer: specific types","hsa05223","Non-small cell lung cancer","9/346","73/9522",0.123287671232877,3.3929052181487,3.98516797682286,0.00124093630605093,0.00389442776898962,0.00183430674578637,"5915/1019/1956/3718/207/208/10000/842/5582",9
"Organismal Systems","Immune system","hsa04621","NOD-like receptor signaling pathway","16/346","189/9522",0.0846560846560847,2.32975502339664,3.58545716431163,0.00141993510516689,0.00440927216867614,0.00207680259149063,"7226/3725/4790/387/6772/118429/837/838/1508/5599/5601/834/846/3576/3553/331",16
"Environmental Information Processing","Signal transduction","hsa04064","NF-kappa B signaling pathway","11/346","105/9522",0.104761904761905,2.88307184145334,3.76754009649767,0.00145998457474992,0.00448641093282527,0.00211313556871699,"6387/4790/7132/3383/6850/7412/3576/3553/3932/23643/331",11
"Human Diseases","Cancer: specific types","hsa05214","Glioma","9/346","76/9522",0.118421052631579,3.25897474901126,3.839253876232,0.00165558052481086,0.00503501293628045,0.00237153151682077,"1019/5159/1956/801/207/208/10000/817/5582",9
"Cellular Processes","Transport and catabolism","hsa04148","Efferocytosis","14/346","157/9522",0.089171974522293,2.45403335665108,3.56716283467767,0.00170405672190293,0.00512955849960577,0.00241606323621039,"240/4953/5732/5734/5781/246/1385/6868/8754/817/5468/383/384/834",14
"Cellular Processes","Cellular community - eukaryotes","hsa04540","Gap junction","10/346","92/9522",0.108695652173913,2.99132947976879,3.72678054742067,0.00179796291548524,0.00535756626331461,0.00252345672348806,"5159/1956/81027/111/1813/3356/3357/3358/5582/5593",10
"Human Diseases","Cancer: specific types","hsa05220","Chronic myeloid leukemia","9/346","77/9522",0.116883116883117,3.2166504016215,3.79222602962327,0.00181615004985145,0.00535764264706177,0.00252349270084622,"1488/3065/3066/4790/5781/1019/207/208/10000",9
"Human Diseases","Cancer: specific types","hsa05222","Small cell lung cancer","10/346","93/9522",0.10752688172043,2.95916464665299,3.68665265142689,0.00195120173668156,0.00569905457743623,0.00268430046109396,"4790/5915/1017/1019/207/208/10000/842/4843/331",10
"Organismal Systems","Immune system","hsa04659","Th17 cell differentiation","11/346","109/9522",0.100917431192661,2.77727103993212,3.62372734651688,0.00197692026320696,0.00571756350633386,0.00269301831520453,"2353/3725/4790/6772/3718/3558/196/5599/5601/3553/3932",11
"Human Diseases","Immune disease","hsa05323","Rheumatoid arthritis","10/346","95/9522",0.105263157894737,2.89686644356556,3.60798258285081,0.00228930019953954,0.00655673358120548,0.00308827415778456,"6387/2353/3725/4312/3383/7422/1514/4314/3576/3553",10
"Environmental Information Processing","Signal transduction","hsa04014","Ras signaling pathway","18/346","238/9522",0.0756302521008403,2.08136202457862,3.28053485237049,0.00260816865954817,0.0073981707169876,0.00348459780425464,"2782/54331/4790/5781/387/5159/1956/4914/801/3815/5228/7422/207/208/10000/5599/5601/5582",18
"Cellular Processes","Cellular community - eukaryotes","hsa04510","Focal adhesion","16/346","203/9522",0.0788177339901478,2.16908226316239,3.26934734874832,0.00294836545271067,0.00820535668443065,0.00386478887544994,"3725/387/2932/5159/1956/5228/7422/207/208/10000/824/5599/5601/5582/2534/331",16
"Human Diseases","Infectious disease: bacterial","hsa05130","Pathogenic Escherichia coli infection","16/346","203/9522",0.0788177339901478,2.16908226316239,3.26934734874832,0.00294836545271067,0.00820535668443065,0.00386478887544994,"2353/3725/9170/4790/5781/387/7132/81027/837/842/5599/5601/834/3576/2534/3553",16
"Human Diseases","Cancer: overview","hsa05231","Choline metabolism in cancer","10/346","99/9522",0.101010101010101,2.77982133473463,3.45662319306322,0.0031064813876683,0.00856459821833784,0.00403399452210739,"2353/3725/5159/1956/207/208/10000/5599/5601/5582",10
"Environmental Information Processing","Signal transduction","hsa04151","PI3K-Akt signaling pathway","24/346","362/9522",0.0662983425414365,1.82454571583687,3.10580308844956,0.00321700005620535,0.0087871760794498,0.0041388304816677,"2782/54331/9170/4790/1017/1019/2932/5159/6850/1956/3718/4914/1385/3558/3815/5228/7422/207/208/10000/842/5562/10110/4846",24
"Human Diseases","Cardiovascular disease","hsa05415","Diabetic cardiomyopathy","16/346","205/9522",0.0780487804878049,2.1479204849852,3.22628937858555,0.00325017174993093,0.00879633638742775,0.00414314506026927,"4313/4318/4790/2932/1636/207/208/10000/817/5599/5601/5465/5582/5972/2673/4846",16
"Organismal Systems","Immune system","hsa04664","Fc epsilon RI signaling pathway","8/346","69/9522",0.115942028985507,3.19075144508671,3.54638150021358,0.00339042655211242,0.00909250757157422,0.00428264406582621,"240/6850/207/208/10000/5599/5601/2534",8
"Human Diseases","Infectious disease: bacterial","hsa05134","Legionellosis","7/346","56/9522",0.125,3.4400289017341,3.55597225249047,0.00394402818765461,0.0104818767149379,0.00493704808696452,"3303/3329/4790/842/834/3576/3553",7
"Human Diseases","Cancer: overview","hsa05230","Central carbon metabolism in cancer","8/346","71/9522",0.112676056338028,3.1008711226899,3.4501846119921,0.0040521867808105,0.0106731705387419,0.00502714901378746,"5159/1956/4914/3815/207/208/10000/8140",8
"Organismal Systems","Immune system","hsa04062","Chemokine signaling pathway","15/346","193/9522",0.077720207253886,2.13887807361706,3.10378027805358,0.00448840211744589,0.0117175099526242,0.00551904126225298,"6387/2782/54331/4790/387/6772/2932/3718/2870/111/207/208/10000/2931/3576",15
"Human Diseases","Infectious disease: bacterial","hsa05132","Salmonella infection","18/346","251/9522",0.0717131474103586,1.97356239780761,3.03521871500411,0.00458807701087527,0.011872655422879,0.00559211602433551,"2353/3725/4790/387/54106/7132/81027/207/208/10000/837/838/5599/5601/834/3576/3553/23643",18
"Organismal Systems","Digestive system","hsa04974","Protein digestion and absorption","10/346","105/9522",0.0952380952380952,2.62097440132122,3.24315085486095,0.00475138231410544,0.0121001897509882,0.00569928651964476,"1361/59272/1357/4311/1359/1360/1504/1803/6564/6505",10
"Environmental Information Processing","Signal transduction","hsa04152","AMPK signaling pathway","11/346","122/9522",0.0901639344262295,2.4813323225623,3.19757777950737,0.00476314808306071,0.0121001897509882,0.00569928651964476,"1385/207/208/10000/10645/1080/5468/5562/5565/84335/3156",11
"Organismal Systems","Digestive system","hsa04981","Folate transport and metabolism","5/346","31/9522",0.161290322580645,4.43874696997949,3.72372594284758,0.00479905830801906,0.0121001897509882,0.00569928651964476,"9429/4363/2346/635/9356",5
"Organismal Systems","Nervous system","hsa04727","GABAergic synapse","9/346","89/9522",0.101123595505618,2.78294472949276,3.28141074662954,0.00489477044806412,0.0122369261201603,0.00576369044731903,"18/2782/54331/111/2554/2560/2561/2566/5582",9
"Human Diseases","Infectious disease: viral","hsa05170","Human immunodeficiency virus 1 infection","16/346","214/9522",0.0747663551401869,2.05758738047647,3.03841848054056,0.0049414260263042,0.0122497535946196,0.00576973229077536,"2353/2782/54331/3725/4790/7132/1111/801/207/208/10000/842/3105/5599/5601/5582",16
"Organismal Systems","Endocrine system","hsa04922","Glucagon signaling pathway","10/346","107/9522",0.0934579439252336,2.57198422559559,3.17528374323845,0.0054304076747745,0.0133497522004873,0.00628784046552837,"2033/801/1385/207/208/10000/817/5465/5562/5565",10
"Cellular Processes","Cell growth and death","hsa04215","Apoptosis - multiple species","5/346","32/9522",0.15625,4.30003612716763,3.63089096078954,0.00552176249892517,0.0134621482411812,0.00634077990307196,"7132/842/5599/5601/331",5
"Environmental Information Processing","Signal transduction","hsa04370","VEGF signaling pathway","7/346","60/9522",0.116666666666667,3.2106936416185,3.33553379340676,0.00580527600440674,0.0140373477155737,0.00661170347352623,"7422/207/208/10000/842/5582/4846",7
"Organismal Systems","Digestive system","hsa04971","Gastric acid secretion","8/346","76/9522",0.105263157894737,2.89686644356556,3.2238305670929,0.00614297618615223,0.0147331542676009,0.00693943394584591,"760/801/111/817/887/1080/5582/6752",8
"Organismal Systems","Immune system","hsa04658","Th1 and Th2 cell differentiation","9/346","93/9522",0.0967741935483871,2.66324818198769,3.12981266305585,0.00652892732329471,0.0154082684829755,0.00725741816147286,"2353/3725/4790/6772/3718/3558/5599/5601/3932",9
"Organismal Systems","Endocrine system","hsa04912","GnRH signaling pathway","9/346","93/9522",0.0967741935483871,2.66324818198769,3.12981266305585,0.00652892732329471,0.0154082684829755,0.00725741816147286,"3725/4313/1956/801/111/817/5599/5601/4323",9
"Metabolism","Lipid metabolism","hsa00590","Arachidonic acid metabolism","7/346","63/9522",0.111111111111111,3.05780346820809,3.18202938843522,0.00758273218095078,0.0177532221696863,0.00836191017448206,"8644/240/247/239/246/873/4048",7
"Human Diseases","Drug resistance: antineoplastic","hsa01521","EGFR tyrosine kinase inhibitor resistance","8/346","80/9522",0.1,2.75202312138728,3.05566301913598,0.00833661196564819,0.0193645711013088,0.00912086845806516,"2932/5159/1956/7422/207/208/10000/5582",8
"Environmental Information Processing","Signal transduction","hsa04068","FoxO signaling pathway","11/346","133/9522",0.0827067669172932,2.2761093485158,2.87777390849105,0.00900898829343474,0.0207629027075254,0.00977949387116271,"2033/1017/1956/207/208/10000/5599/5601/5562/5565/10110",11
"Human Diseases","Infectious disease: parasitic","hsa05144","Malaria","6/346","50/9522",0.12,3.30242774566474,3.16958787723277,0.00909443505095642,0.0207973514731174,0.00979571951633005,"54106/3383/6401/7412/3576/3553",6
"Metabolism","Amino acid metabolism","hsa00350","Tyrosine metabolism","5/346","37/9522",0.135135135135135,3.71895016403687,3.21762976958842,0.0103115366956708,0.0232786566183978,0.0109644341610295,"4128/4129/4282/7299/7054",5
"Human Diseases","Infectious disease: viral","hsa05164","Influenza A","13/346","173/9522",0.0751445086705202,2.06799425306559,2.75271986486807,0.0103373017525766,0.0232786566183978,0.0109644341610295,"2033/4790/6772/7132/1019/3383/207/208/10000/842/834/3576/3553",13
"Organismal Systems","Nervous system","hsa04720","Long-term potentiation","7/346","67/9522",0.104477611940299,2.8752480372703,2.9910108184245,0.0105406113265485,0.0235566692525137,0.0110953803437353,"2033/801/817/5582/6197/2890/2891",7
"Organismal Systems","Endocrine system","hsa04913","Ovarian steroidogenesis","6/346","52/9522",0.115384615384615,3.1754112939084,3.05436328568917,0.0109691611144305,0.0243300942011804,0.011459669704035,"8644/240/1545/1588/1543/111",6
"Human Diseases","Infectious disease: viral","hsa05160","Hepatitis C","12/346","156/9522",0.0769230769230769,2.1169408626056,2.7312913645131,0.0113317570824397,0.0249008146178217,0.0117284836023281,"4790/6772/7132/1017/1019/2932/1956/207/208/10000/842/5465",12
"Human Diseases","Cancer: specific types","hsa05221","Acute myeloid leukemia","7/346","68/9522",0.102941176470588,2.83296497789867,2.9454622019245,0.0113952880454438,0.0249008146178217,0.0117284836023281,"4790/3815/5292/207/208/10000/4353",7
"Cellular Processes","Cell growth and death","hsa04218","Cellular senescence","12/346","157/9522",0.0764331210191083,2.10345716284378,2.70709840523952,0.0118825486866853,0.0257746460483248,0.0121400652216909,"4790/1017/1019/1111/801/207/208/10000/823/824/3105/3576",12
"Organismal Systems","Sensory system","hsa04742","Taste transduction","8/346","86/9522",0.0930232558139535,2.56002150826724,2.82187956868721,0.0126630352027433,0.027267119597148,0.0128430322455791,"259290/2554/3350/3351/3352/3354/2914/6337",8
"Human Diseases","Cancer: specific types","hsa05211","Renal cell carcinoma","7/346","70/9522",0.1,2.75202312138728,2.85679861275614,0.013253413613808,0.0283315725802417,0.0133443981466259,"2033/3725/5781/7422/207/208/10000",7
"Organismal Systems","Immune system","hsa04662","B cell receptor signaling pathway","8/346","91/9522",0.0879120879120879,2.41936098583497,2.64172323991472,0.0173707710107725,0.0368660248070352,0.0173641936646874,"2353/3725/4790/2932/6850/207/208/10000",8
"Metabolism","Amino acid metabolism","hsa00360","Phenylalanine metabolism","3/346","16/9522",0.1875,5.16004335260116,3.23378820309863,0.0187336103787752,0.0394743932981334,0.0185927561654009,"4128/4129/4282",3
"Human Diseases","Cancer: specific types","hsa05224","Breast cancer","11/346","148/9522",0.0743243243243243,2.04542259022028,2.48893120685699,0.0189221153710808,0.0395888229394952,0.018646653445186,"2099/2100/2353/3725/1019/2932/1956/3815/207/208/10000",11
"Cellular Processes","Cell growth and death","hsa04217","Necroptosis","12/346","168/9522",0.0714285714285714,1.96573080099092,2.45224959006886,0.0193891266450103,0.0399437478159346,0.0188138259115196,"6772/7132/3718/246/817/823/824/5599/5601/834/3553/331",12
"Environmental Information Processing","Signal transduction","hsa04630","JAK-STAT signaling pathway","12/346","168/9522",0.0714285714285714,1.96573080099092,2.45224959006886,0.0193891266450103,0.0399437478159346,0.0188138259115196,"2033/5781/6772/5159/1956/3718/3558/5292/207/208/10000/5771",12
"Organismal Systems","Endocrine system","hsa04914","Progesterone-mediated oocyte maturation","9/346","111/9522",0.0810810810810811,2.23137009842212,2.53387295148581,0.0194979650355749,0.0399437478159346,0.0188138259115196,"1017/111/207/208/10000/994/5599/5601/6197",9
"Human Diseases","Cancer: specific types","hsa05213","Endometrial cancer","6/346","59/9522",0.101694915254237,2.79866758107181,2.691008827242,0.0196704585919238,0.0400192088594311,0.0188493686688489,"2932/1956/207/208/10000/842",6
"Organismal Systems","Nervous system","hsa04730","Long-term depression","6/346","60/9522",0.1,2.75202312138728,2.64348357375236,0.0212110344349812,0.0428579120432839,0.0201864206591025,"5582/5593/2890/2891/2892/4842",6
"Human Diseases","Drug resistance: antineoplastic","hsa01523","Antifolate resistance","4/346","30/9522",0.133333333333333,3.66936416184971,2.84342788116224,0.022267272592968,0.0446860232307861,0.0210474757054907,"9429/4790/4363/3553",4
"Human Diseases","Cancer: overview","hsa05206","MicroRNAs in cancer","19/346","320/9522",0.059375,1.6340137283237,2.24019160808953,0.0242055184803198,0.0482474861600968,0.0227249533385648,"1545/2033/3065/3066/9759/10014/4318/4790/387/5159/1956/5243/4363/5292/7422/994/4194/5582/6768",19
"Environmental Information Processing","Signal transduction","hsa04330","Notch signaling pathway","6/346","62/9522",0.0967741935483871,2.66324818198769,2.55129080301835,0.0245327489037227,0.0485715498429408,0.0228775899349445,"1488/2033/3065/3066/6868/9612",6
